"name","handedness","height","weight","avg","HR","BMI","rand","adj_BMI","power","log10HR","lm","range"
"Denny Lemaster","R",73,182,0.13,4,24.00938262,0.33,24.34,30.76923077,0.602059991,1.393375839,"healthy"
"Joe Nolan","L",71,175,0.263,27,24.40487998,0.23,24.64,102.661597,1.431363764,1.423971515,"healthy"
"Jose Cardenal","R",70,150,0.275,138,21.52040816,0.24,21.76,501.8181818,2.139879086,1.200828775,"healthy"
"Rod Kanehl","R",73,180,0.241,6,23.74554325,-0.41,23.33,24.89626556,0.77815125,1.372965226,"healthy"
"Rick Wise","R",73,180,0.195,15,23.74554325,-0.34,23.4,76.92307692,1.176091259,1.372965226,"healthy"
"Tommy McCraw","L",72,183,0.246,75,24.81655093,-0.2,24.62,304.8780488,1.875061263,1.45581838,"healthy"
"Lee Lacy","R",73,175,0.286,91,23.08594483,-0.31,22.78,318.1818182,1.959041392,1.321938692,"healthy"
"Brad Wellman","R",72,170,0.231,6,23.05362654,0.12,23.17,25.97402597,0.77815125,1.319438549,"healthy"
"Pedro Gonzalez","R",72,176,0.244,8,23.86728395,0.42,24.29,32.78688525,0.903089987,1.382383086,"healthy"
"Tommie Reynolds","R",74,190,0.226,12,24.39189189,0.48,24.87,53.09734513,1.079181246,1.422966757,"healthy"
"Jim Hickman","R",75,192,0.252,159,23.99573333,-0.09,23.91,630.952381,2.201397124,1.39231993,"healthy"
"Ivan DeJesus","R",71,175,0.254,21,24.40487998,0.26,24.66,82.67716535,1.322219295,1.423971515,"healthy"
"Dick Ruthven","R",75,190,0.183,1,23.74577778,-0.32,23.43,5.464480874,0,1.372983369,"healthy"
"Dave Kingman","R",78,210,0.236,442,24.265286,0.02,24.29,1872.881356,2.645422269,1.413172525,"healthy"
"Ed Brinkman","R",72,170,0.224,60,23.05362654,-0.2,22.86,267.8571429,1.77815125,1.319438549,"healthy"
"Wayne Garrett","L",71,175,0.239,61,24.40487998,0.24,24.65,255.2301255,1.785329835,1.423971515,"healthy"
"Tony Muser","L",74,180,0.259,7,23.10810811,-0.16,22.95,27.02702703,0.84509804,1.323653243,"healthy"
"Jim Lyttle","L",72,180,0.248,9,24.40972222,0.16,24.57,36.29032258,0.954242509,1.424346111,"healthy"
"Scot Thompson","L",75,195,0.262,5,24.37066667,-0.01,24.36,19.08396947,0.698970004,1.421324774,"healthy"
"Gene Locklear","L",70,165,0.274,9,23.67244898,0.29,23.96,32.84671533,0.954242509,1.367310653,"healthy"
"Kurt Bevacqua","R",72,180,0.236,27,24.40972222,-0.12,24.29,114.4067797,1.431363764,1.424346111,"healthy"
"Syd O'Brien","R",73,185,0.23,24,24.40514168,0.09,24.5,104.3478261,1.380211242,1.42399176,"healthy"
"Tom Satriano","L",73,185,0.225,21,24.40514168,0.39,24.79,93.33333333,1.322219295,1.42399176,"healthy"
"Dal Maxvill","R",71,157,0.217,6,21.89466376,0.02,21.91,27.64976959,0.77815125,1.229781188,"healthy"
"Cesar Tovar","R",69,155,0.278,46,22.88699853,0.42,23.31,165.4676259,1.662757832,1.306548206,"healthy"
"Jack Heidemann","R",72,175,0.211,9,23.73167438,-0.06,23.67,42.65402844,0.954242509,1.37189233,"healthy"
"Byron Browne","R",74,190,0.236,30,24.39189189,-0.38,24.01,127.1186441,1.477121255,1.422966757,"healthy"
"Hector Torres","R",72,175,0.216,18,23.73167438,0.17,23.9,83.33333333,1.255272505,1.37189233,"healthy"
"Steve Lombardozzi","R",72,175,0.233,20,23.73167438,0.3,24.03,85.83690987,1.301029996,1.37189233,"healthy"
"Omar Moreno","L",74,180,0.252,37,23.10810811,0.32,23.43,146.8253968,1.568201724,1.323653243,"healthy"
"Julian Javier","R",73,175,0.257,78,23.08594483,0.4,23.48,303.5019455,1.892094603,1.321938692,"healthy"
"Elio Chacon","R",69,160,0.232,4,23.6252888,0.07,23.7,17.24137931,0.602059991,1.363662342,"healthy"
"Larry Brown","R",70,160,0.233,47,22.95510204,-0.42,22.53,201.7167382,1.672097858,1.311816694,"healthy"
"Tommy Dean","R",72,165,0.18,4,22.3755787,-0.14,22.24,22.22222222,0.602059991,1.266984768,"healthy"
"Bruce Boisclair","L",74,185,0.263,10,23.75,0.45,24.2,38.02281369,1,1.37331,"healthy"
"Frank White","R",71,165,0.255,160,23.01031541,0.03,23.04,627.4509804,2.204119983,1.316088,"healthy"
"Tom Brookens","R",70,165,0.246,71,23.67244898,-0.25,23.42,288.6178862,1.851258349,1.367310653,"healthy"
"Gary Thomasson","L",73,180,0.249,61,23.74554325,-0.36,23.39,244.9799197,1.785329835,1.372965226,"healthy"
"Otto Velez","R",72,170,0.251,78,23.05362654,-0.38,22.67,310.7569721,1.892094603,1.319438549,"healthy"
"Tony Scott","B",72,164,0.249,17,22.23996914,-0.4,21.84,68.27309237,1.230448921,1.256494013,"healthy"
"Ray Oyler","R",71,165,0.175,15,23.01031541,-0.13,22.88,85.71428571,1.176091259,1.316088,"healthy"
"Lou Brock","L",71,170,0.293,149,23.7075977,-0.17,23.54,508.5324232,2.173186268,1.370029758,"healthy"
"Dave Collins","B",71,175,0.272,32,24.40487998,0.49,24.89,117.6470588,1.505149978,1.423971515,"healthy"
"Rico Petrocelli","R",72,175,0.251,210,23.73167438,-0.21,23.52,836.6533865,2.322219295,1.37189233,"healthy"
"Johnny Lewis","L",73,189,0.227,22,24.93282042,-0.12,24.81,96.91629956,1.342422681,1.464812988,"healthy"
"Dick Simpson","R",76,176,0.207,15,21.42105263,-0.01,21.41,72.46376812,1.176091259,1.193142631,"healthy"
"Ken Boswell","L",72,170,0.248,31,23.05362654,0.24,23.3,125,1.491361694,1.319438549,"healthy"
"Ken McMullen","R",75,190,0.248,156,23.74577778,0.41,24.16,629.0322581,2.193124598,1.372983369,"healthy"
"Dick Howser","R",68,155,0.248,16,23.56509516,-0.19,23.37,64.51612903,1.204119983,1.359005762,"healthy"
"Manny Castillo","B",69,160,0.242,3,23.6252888,-0.43,23.2,12.39669421,0.477121255,1.363662342,"healthy"
"Mike Ramsey","B",73,170,0.24,2,22.42634641,0.07,22.49,8.333333333,0.301029996,1.270912158,"healthy"
"Jeff Stone","L",72,175,0.277,11,23.73167438,0.31,24.04,39.71119134,1.041392685,1.37189233,"healthy"
"Tim Flannery","L",71,175,0.255,9,24.40487998,0.29,24.7,35.29411765,0.954242509,1.423971515,"healthy"
"Benny Ayala","R",73,185,0.251,38,24.40514168,0.1,24.51,151.3944223,1.579783597,1.42399176,"healthy"
"Greg Gross","L",70,160,0.287,7,22.95510204,-0.07,22.89,24.3902439,0.84509804,1.311816694,"healthy"
"Jack Brohamer","L",70,165,0.245,30,23.67244898,0.3,23.97,122.4489796,1.477121255,1.367310653,"healthy"
"Von Joshua","L",70,170,0.273,30,24.38979592,-0.25,24.14,109.8901099,1.477121255,1.422804612,"healthy"
"Eddie Milner","L",71,173,0.253,42,24.12596707,-0.24,23.88,166.0079051,1.62324929,1.402394813,"healthy"
"Johnny Jeter","R",73,180,0.244,18,23.74554325,-0.27,23.47,73.7704918,1.255272505,1.372965226,"healthy"
"Angel Salazar","R",72,180,0.212,2,24.40972222,-0.48,23.93,9.433962264,0.301029996,1.424346111,"healthy"
"Tony Oliva","L",73,175,0.304,220,23.08594483,-0.37,22.71,723.6842105,2.342422681,1.321938692,"healthy"
"Cito Gaston","R",75,190,0.256,91,23.74577778,0.31,24.06,355.46875,1.959041392,1.372983369,"healthy"
"Cookie Rojas","R",70,160,0.263,54,22.95510204,0.22,23.18,205.3231939,1.73239376,1.311816694,"healthy"
"Rich Morales","R",71,170,0.195,6,23.7075977,0.44,24.15,30.76923077,0.77815125,1.370029758,"healthy"
"Dan Ford","R",73,185,0.27,121,24.40514168,0.21,24.61,448.1481481,2.08278537,1.42399176,"healthy"
"Ozzie Virgil","R",73,180,0.243,98,23.74554325,-0.06,23.69,403.2921811,1.991226076,1.372965226,"healthy"
"Mike Phillips","L",72,170,0.24,11,23.05362654,-0.41,22.65,45.83333333,1.041392685,1.319438549,"healthy"
"Jay Johnstone","L",73,175,0.267,102,23.08594483,0.44,23.52,382.0224719,2.008600172,1.321938692,"healthy"
"Chico Salmon","R",70,160,0.249,31,22.95510204,0.39,23.34,124.497992,1.491361694,1.311816694,"healthy"
"Joe Niekro","R",73,185,0.156,1,24.40514168,0.1,24.51,6.41025641,0,1.42399176,"healthy"
"Ken Berry","R",72,175,0.255,58,23.73167438,-0.31,23.42,227.4509804,1.763427994,1.37189233,"healthy"
"Dave Concepcion","R",74,155,0.267,101,19.89864865,0.01,19.91,378.2771536,2.004321374,1.07536946,"healthy"
"Mike Richardt","R",72,170,0.226,4,23.05362654,-0.01,23.05,17.69911504,0.602059991,1.319438549,"healthy"
"Al Downing","R",71,175,0.127,2,24.40487998,-0.11,24.3,15.7480315,0.301029996,1.423971515,"healthy"
"Jake Gibbs","L",72,180,0.233,25,24.40972222,0.5,24.91,107.2961373,1.397940009,1.424346111,"healthy"
"Garry Hancock","L",72,175,0.247,12,23.73167438,0.13,23.86,48.58299595,1.079181246,1.37189233,"healthy"
"Rick Rhoden","R",75,195,0.238,9,24.37066667,0.23,24.6,37.81512605,0.954242509,1.421324774,"healthy"
"Denny McLain","R",73,185,0.133,1,24.40514168,-0.05,24.36,7.518796992,0,1.42399176,"healthy"
"Chuck Hiller","L",71,170,0.243,20,23.7075977,-0.38,23.33,82.30452675,1.301029996,1.370029758,"healthy"
"Jorge Orta","L",70,170,0.278,130,24.38979592,-0.4,23.99,467.6258993,2.113943352,1.422804612,"healthy"
"Dave Cash","R",71,170,0.283,21,23.7075977,0.01,23.72,74.204947,1.322219295,1.370029758,"healthy"
"Billy Conigliaro","R",72,180,0.256,40,24.40972222,0.16,24.57,156.25,1.602059991,1.424346111,"healthy"
"Billy Cowan","R",72,170,0.236,40,23.05362654,-0.27,22.79,169.4915254,1.602059991,1.319438549,"healthy"
"Billy Smith","B",74,185,0.23,17,23.75,0.06,23.81,73.91304348,1.230448921,1.37331,"healthy"
"Tony Perez","R",74,175,0.279,379,22.46621622,-0.08,22.39,1358.422939,2.57863921,1.273996487,"healthy"
"Chuck Schilling","R",70,160,0.239,23,22.95510204,-0.23,22.73,96.23430962,1.361727836,1.311816694,"healthy"
"Jim Lefebvre","B",72,180,0.251,74,24.40972222,0.5,24.91,294.8207171,1.86923172,1.424346111,"healthy"
"Steve Whitaker","L",72,180,0.23,24,24.40972222,-0.34,24.07,104.3478261,1.380211242,1.424346111,"healthy"
"Manny Jimenez","L",73,185,0.272,26,24.40514168,-0.38,24.02,95.58823529,1.414973348,1.42399176,"healthy"
"Ken Henderson","B",74,180,0.257,122,23.10810811,-0.06,23.04,474.7081712,2.086359831,1.323653243,"healthy"
"Vern Fuller","R",73,170,0.232,14,22.42634641,-0.19,22.24,60.34482759,1.146128036,1.270912158,"healthy"
"Paul Casanova","R",76,180,0.225,50,21.90789474,0.3,22.21,222.2222222,1.698970004,1.230804737,"healthy"
"Terry Crowley","L",72,180,0.25,42,24.40972222,-0.17,24.24,168,1.62324929,1.424346111,"healthy"
"Lou Clinton","R",73,185,0.247,65,24.40514168,0.43,24.84,263.1578947,1.812913357,1.42399176,"healthy"
"Nate Colbert","R",74,190,0.243,173,24.39189189,-0.25,24.15,711.9341564,2.238046103,1.422966757,"healthy"
"Phil Roof","R",74,190,0.215,43,24.39189189,-0.04,24.36,200,1.633468456,1.422966757,"healthy"
"Chuck Hinton","R",73,180,0.264,113,23.74554325,0.17,23.92,428.030303,2.053078443,1.372965226,"healthy"
"Tim Cullen","R",73,185,0.22,9,24.40514168,0.49,24.89,40.90909091,0.954242509,1.42399176,"healthy"
"Tim Harkness","L",74,182,0.235,14,23.36486486,-0.41,22.95,59.57446809,1.146128036,1.343515946,"healthy"
"George Foster","R",73,180,0.274,348,23.74554325,-0.38,23.36,1270.072993,2.541579244,1.372965226,"healthy"
"Jerry White","B",70,164,0.253,21,23.52897959,0.01,23.54,83.00395257,1.322219295,1.356211861,"healthy"
"Dave Roberts","L",75,195,0.194,7,24.37066667,-0.04,24.33,36.08247423,0.84509804,1.421324774,"healthy"
"Jim Mason","L",74,185,0.203,12,23.75,-0.33,23.42,59.11330049,1.079181246,1.37331,"healthy"
"Willie Smith","L",72,182,0.248,46,24.68094136,-0.02,24.66,185.483871,1.662757832,1.445327624,"healthy"
"Jose Arcia","R",75,170,0.215,1,21.24622222,0.45,21.7,4.651162791,0,1.179617751,"healthy"
"Leon Durham","L",73,185,0.277,147,24.40514168,-0.28,24.13,530.6859206,2.167317335,1.42399176,"healthy"
"Paul Householder","B",72,180,0.236,29,24.40972222,0.46,24.87,122.8813559,1.462397998,1.424346111,"healthy"
"Jimmy Stewart","B",72,165,0.237,8,22.3755787,-0.04,22.34,33.75527426,0.903089987,1.266984768,"healthy"
"Dick Phillips","L",72,180,0.229,12,24.40972222,0.18,24.59,52.40174672,1.079181246,1.424346111,"healthy"
"Andres Thomas","R",73,170,0.234,42,22.42634641,0.21,22.63,179.4871795,1.62324929,1.270912158,"healthy"
"Mike de la Hoz","R",71,175,0.251,25,24.40487998,0.33,24.73,99.60159363,1.397940009,1.423971515,"healthy"
"Frank Taveras","R",72,155,0.255,2,21.01948302,-0.28,20.74,7.843137255,0.301029996,1.162077206,"healthy"
"Joe Nossek","R",72,178,0.228,3,24.13850309,0.39,24.52,13.15789474,0.477121255,1.403364599,"healthy"
"Larry Stahl","L",72,175,0.232,36,23.73167438,-0.27,23.46,155.1724138,1.556302501,1.37189233,"healthy"
"Jose Cruz","L",72,170,0.284,165,23.05362654,-0.41,22.64,580.9859155,2.217483944,1.319438549,"healthy"
"Don Mason","L",71,160,0.205,3,22.31303313,-0.12,22.19,14.63414634,0.477121255,1.262146243,"healthy"
"Bill Robinson","R",74,189,0.258,166,24.26351351,-0.02,24.25,643.4108527,2.220108088,1.413035405,"healthy"
"Bob Tillman","R",76,205,0.232,79,24.95065789,-0.29,24.66,340.5172414,1.897627091,1.466192894,"healthy"
"Pat Corrales","R",72,180,0.216,4,24.40972222,0.31,24.72,18.51851852,0.602059991,1.424346111,"healthy"
"Rafael Landestoy","B",70,165,0.237,4,23.67244898,0.36,24.03,16.87763713,0.602059991,1.367310653,"healthy"
"Glenn Hubbard","R",69,150,0.244,70,22.14870825,-0.04,22.11,286.8852459,1.84509804,1.24943407,"healthy"
"George Hendrick","R",75,195,0.278,267,24.37066667,-0.43,23.94,960.4316547,2.426511261,1.421324774,"healthy"
"Rod Carew","L",72,170,0.328,92,23.05362654,-0.19,22.87,280.4878049,1.963787827,1.319438549,"healthy"
"Bob Davis","R",72,180,0.197,6,24.40972222,-0.01,24.4,30.45685279,0.77815125,1.424346111,"healthy"
"Toby Harrah","R",72,175,0.264,195,23.73167438,-0.02,23.71,738.6363636,2.290034611,1.37189233,"healthy"
"Rick Manning","L",73,180,0.257,56,23.74554325,0.41,24.16,217.8988327,1.748188027,1.372965226,"healthy"
"Gary Matthews","R",74,185,0.281,234,23.75,-0.43,23.32,832.7402135,2.369215857,1.37331,"healthy"
"Cesar Geronimo","L",72,165,0.258,51,22.3755787,-0.36,22.02,197.6744186,1.707570176,1.266984768,"healthy"
"Billy Bryan","L",76,200,0.216,41,24.34210526,-0.11,24.23,189.8148148,1.612783857,1.419115263,"healthy"
"Mario Mendoza","R",71,170,0.215,4,23.7075977,0.33,24.03,18.60465116,0.602059991,1.370029758,"healthy"
"Fred Lynn","L",73,185,0.283,306,24.40514168,0.17,24.58,1081.272085,2.485721426,1.42399176,"healthy"
"Larry Hisle","R",74,193,0.273,166,24.77702703,0.29,25.07,608.0586081,2.220108088,1.452760811,"healthy"
"Graig Nettles","L",72,180,0.248,390,24.40972222,0,24.41,1572.580645,2.591064607,1.424346111,"healthy"
"Rick Monday","L",75,193,0.264,241,24.12071111,-0.12,24,912.8787879,2.382017043,1.401988211,"healthy"
"Mike Sadek","R",69,165,0.226,5,24.36357908,0.11,24.47,22.12389381,0.698970004,1.420776478,"healthy"
"Mark Belanger","R",73,170,0.228,20,22.42634641,-0.03,22.4,87.71929825,1.301029996,1.270912158,"healthy"
"Jackie Hernandez","R",71,165,0.208,12,23.01031541,0.44,23.45,57.69230769,1.079181246,1.316088,"healthy"
"U L Washington","B",71,175,0.251,27,24.40487998,0.39,24.79,107.5697211,1.431363764,1.423971515,"healthy"
"Ed Goodson","L",75,180,0.26,30,22.496,-0.18,22.31,115.3846154,1.477121255,1.27630056,"healthy"
"Mickey Klutts","R",71,170,0.241,14,23.7075977,0.22,23.93,58.09128631,1.146128036,1.370029758,"healthy"
"Danny Ainge","R",76,175,0.22,2,21.29934211,0.34,21.64,9.090909091,0.301029996,1.183727106,"healthy"
"Adolfo Phillips","R",73,175,0.247,59,23.08594483,-0.14,22.95,238.8663968,1.770852012,1.321938692,"healthy"
"Marv Breeding","R",72,175,0.25,7,23.73167438,-0.46,23.27,28,0.84509804,1.37189233,"healthy"
"Dick McAuliffe","L",71,176,0.247,197,24.54433644,-0.28,24.26,797.5708502,2.294466226,1.434759867,"healthy"
"Terry Humphrey","R",75,185,0.211,6,23.12088889,0.34,23.46,28.43601896,0.77815125,1.324641965,"healthy"
"Enzo Hernandez","R",68,155,0.224,2,23.56509516,0.22,23.78,8.928571429,0.301029996,1.359005762,"healthy"
"Coco Laboy","R",70,165,0.233,28,23.67244898,0.27,23.95,120.1716738,1.447158031,1.367310653,"healthy"
"Ted Kubiak","B",72,175,0.231,13,23.73167438,0.39,24.12,56.27705628,1.113943352,1.37189233,"healthy"
"Jim Morrison","R",71,175,0.26,112,24.40487998,0.47,24.87,430.7692308,2.049218023,1.423971515,"healthy"
"Bobby Knoop","R",73,170,0.236,56,22.42634641,-0.23,22.2,237.2881356,1.748188027,1.270912158,"healthy"
"Bobby Brown","B",74,190,0.245,26,24.39189189,0.43,24.82,106.122449,1.414973348,1.422966757,"healthy"
"Ron Hodges","L",73,185,0.24,19,24.40514168,-0.04,24.36,79.16666667,1.278753601,1.42399176,"healthy"
"Rich Chiles","L",71,170,0.254,6,23.7075977,0.35,24.05,23.62204724,0.77815125,1.370029758,"healthy"
"Gary Woods","R",74,185,0.243,13,23.75,-0.36,23.39,53.49794239,1.113943352,1.37331,"healthy"
"Rusty Staub","L",74,190,0.279,292,24.39189189,-0.01,24.38,1046.594982,2.465382851,1.422966757,"healthy"
"Oscar Gamble","L",71,160,0.265,200,22.31303313,-0.2,22.11,754.7169811,2.301029996,1.262146243,"healthy"
"Craig Reynolds","L",73,175,0.256,42,23.08594483,0.39,23.48,164.0625,1.62324929,1.321938692,"healthy"
"Paul Blair","R",72,168,0.25,134,22.78240741,0.48,23.26,536,2.127104798,1.298457037,"healthy"
"Luis Alvarado","R",69,162,0.214,5,23.92060491,0.14,24.06,23.36448598,0.698970004,1.386507996,"healthy"
"Larry Parrish","R",75,190,0.263,256,23.74577778,0.16,23.91,973.3840304,2.408239965,1.372983369,"healthy"
"Woodie Fryman","R",75,197,0.138,2,24.62062222,-0.22,24.4,14.49275362,0.301029996,1.440661335,"healthy"
"Bob Randall","R",74,175,0.257,1,22.46621622,0.07,22.54,3.891050584,0,1.273996487,"healthy"
"Jim Pankovits","R",70,170,0.25,9,24.38979592,0.35,24.74,36,0.954242509,1.422804612,"healthy"
"Mike Vail","R",73,180,0.279,34,23.74554325,0.15,23.89,121.8637993,1.531478917,1.372965226,"healthy"
"Nick Esasky","R",75,200,0.25,122,24.99555556,-0.49,24.51,488,2.086359831,1.469666178,"healthy"
"Mel Stottlemyre","R",73,178,0.16,7,23.48170388,0.03,23.51,43.75,0.84509804,1.352554612,"healthy"
"Roy Smalley","B",73,185,0.257,163,24.40514168,-0.38,24.03,634.2412451,2.212187604,1.42399176,"healthy"
"John Vukovich","R",73,187,0.161,6,24.66898105,0.45,25.12,37.26708075,0.77815125,1.444402374,"healthy"
"Danny Thompson","R",72,183,0.248,15,24.81655093,-0.41,24.41,60.48387097,1.176091259,1.45581838,"healthy"
"Joe Simpson","L",75,175,0.242,9,21.87111111,0.02,21.89,37.19008264,0.954242509,1.227959155,"healthy"
"Bernie Allen","L",72,175,0.239,73,23.73167438,0.04,23.77,305.4393305,1.86332286,1.37189233,"healthy"
"John Donaldson","L",71,160,0.238,4,22.31303313,0.16,22.47,16.80672269,0.602059991,1.262146243,"healthy"
"Ken Reitz","R",72,180,0.26,68,24.40972222,-0.42,23.99,261.5384615,1.832508913,1.424346111,"healthy"
"Amos Otis","R",71,165,0.277,193,23.01031541,0.42,23.43,696.7509025,2.285557309,1.316088,"healthy"
"Gene Alley","R",70,160,0.254,55,22.95510204,-0.48,22.48,216.5354331,1.740362689,1.311816694,"healthy"
"Ted Sizemore","R",70,165,0.262,23,23.67244898,0.35,24.02,87.78625954,1.361727836,1.367310653,"healthy"
"Dan Briggs","L",72,180,0.195,12,24.40972222,0.46,24.87,61.53846154,1.079181246,1.424346111,"healthy"
"Doug Flynn","R",71,165,0.238,7,23.01031541,0.39,23.4,29.41176471,0.84509804,1.316088,"healthy"
"Ken Holtzman","R",74,175,0.163,2,22.46621622,0.22,22.68,12.26993865,0.301029996,1.273996487,"healthy"
"Pete Ward","L",73,185,0.254,98,24.40514168,0.42,24.82,385.8267717,1.991226076,1.42399176,"healthy"
"Mike Davis","L",74,175,0.259,91,22.46621622,0.32,22.78,351.3513514,1.959041392,1.273996487,"healthy"
"Jerry Reuss","L",77,200,0.167,1,23.71394839,0.42,24.13,5.988023952,0,1.370521047,"healthy"
"Bud Harrelson","B",71,160,0.236,7,22.31303313,0.05,22.37,29.66101695,0.84509804,1.262146243,"healthy"
"Bob Knepper","L",75,195,0.137,6,24.37066667,0.11,24.48,43.79562044,0.77815125,1.421324774,"healthy"
"Mickey Rivers","L",70,165,0.295,61,23.67244898,0.31,23.98,206.779661,1.785329835,1.367310653,"healthy"
"Jim Northrup","L",75,190,0.267,153,23.74577778,0.3,24.05,573.0337079,2.184691431,1.372983369,"healthy"
"Carl Yastrzemski","L",71,175,0.285,452,24.40487998,0.07,24.47,1585.964912,2.655138435,1.423971515,"healthy"
"Derrel Thomas","B",72,160,0.249,43,21.69753086,-0.42,21.28,172.6907631,1.633468456,1.214530987,"healthy"
"Art Howe","R",74,190,0.26,43,24.39189189,-0.05,24.34,165.3846154,1.633468456,1.422966757,"healthy"
"Howie Goss","R",76,204,0.216,11,24.82894737,0.43,25.26,50.92592593,1.041392685,1.456777369,"healthy"
"Julio Gonzalez","R",71,162,0.235,4,22.59194604,-0.04,22.55,17.0212766,0.602059991,1.283722946,"healthy"
"Bobby Klaus","R",70,170,0.208,6,24.38979592,0.28,24.67,28.84615385,0.77815125,1.422804612,"healthy"
"Johnny Ray","B",71,170,0.29,53,23.7075977,-0.24,23.46,182.7586207,1.72427587,1.370029758,"healthy"
"Jesus Alou","R",74,190,0.28,32,24.39189189,0.34,24.74,114.2857143,1.505149978,1.422966757,"healthy"
"Ken Landreaux","L",70,165,0.268,91,23.67244898,-0.35,23.32,339.5522388,1.959041392,1.367310653,"healthy"
"Enos Cabell","R",76,170,0.277,60,20.69078947,0.25,20.95,216.6064982,1.77815125,1.136649473,"healthy"
"Juan Beniquez","R",71,150,0.274,79,20.91846856,0.34,21.26,288.3211679,1.897627091,1.154262728,"healthy"
"Roger Metzger","B",72,165,0.231,5,22.3755787,0.02,22.39,21.64502165,0.698970004,1.266984768,"healthy"
"Rufino Linares","R",72,170,0.27,11,23.05362654,-0.19,22.86,40.74074074,1.041392685,1.319438549,"healthy"
"Fergie Jenkins","R",77,205,0.165,13,24.3067971,-0.03,24.27,78.78787879,1.113943352,1.416383824,"healthy"
"Ted Cox","R",75,195,0.245,10,24.37066667,0.39,24.76,40.81632653,1,1.421324774,"healthy"
"Bobby Mitchell","L",70,170,0.243,3,24.38979592,0.2,24.59,12.34567901,0.477121255,1.422804612,"healthy"
"Bobby Mitchell","R",75,185,0.235,21,23.12088889,0.07,23.19,89.36170213,1.322219295,1.324641965,"healthy"
"Barry Evans","R",73,180,0.251,2,23.74554325,0.37,24.11,7.96812749,0.301029996,1.372965226,"healthy"
"Al Gallagher","R",72,180,0.263,11,24.40972222,-0.28,24.13,41.82509506,1.041392685,1.424346111,"healthy"
"Hector Cruz","R",71,170,0.225,39,23.7075977,0.11,23.81,173.3333333,1.591064607,1.370029758,"healthy"
"Woody Woodward","R",74,180,0.236,1,23.10810811,-0.04,23.07,4.237288136,0,1.323653243,"healthy"
"Ted Martinez","R",72,165,0.24,7,22.3755787,0.11,22.49,29.16666667,0.84509804,1.266984768,"healthy"
"Jim Anderson","R",72,170,0.218,13,23.05362654,0.44,23.5,59.63302752,1.113943352,1.319438549,"healthy"
"Lenn Sakata","R",69,160,0.23,25,23.6252888,0.19,23.82,108.6956522,1.397940009,1.363662342,"healthy"
"Dave Duncan","R",74,190,0.214,109,24.39189189,-0.02,24.37,509.3457944,2.037426498,1.422966757,"healthy"
"Bruce Bochte","L",75,195,0.282,100,24.37066667,0.07,24.44,354.6099291,2,1.421324774,"healthy"
"Bernie Carbo","L",71,173,0.264,96,24.12596707,0.49,24.61,363.6363636,1.982271233,1.402394813,"healthy"
"Vic Davalillo","L",67,150,0.279,36,23.49075518,0.17,23.66,129.0322581,1.556302501,1.353254821,"healthy"
"Fernando Gonzalez","R",70,165,0.235,17,23.67244898,0.27,23.94,72.34042553,1.230448921,1.367310653,"healthy"
"Lenny Faedo","R",72,170,0.251,5,23.05362654,-0.46,22.59,19.92031873,0.698970004,1.319438549,"healthy"
"John Lowenstein","L",72,175,0.253,116,23.73167438,-0.21,23.52,458.4980237,2.064457989,1.37189233,"healthy"
"Don Kessinger","B",73,170,0.252,14,22.42634641,-0.09,22.33,55.55555556,1.146128036,1.270912158,"healthy"
"Bake McBride","L",74,190,0.299,63,24.39189189,0.47,24.86,210.7023411,1.799340549,1.422966757,"healthy"
"Dick Davis","R",75,190,0.265,27,23.74577778,0.24,23.99,101.8867925,1.431363764,1.372983369,"healthy"
"Richie Scheinblum","B",73,180,0.263,13,23.74554325,-0.27,23.47,49.42965779,1.113943352,1.372965226,"healthy"
"Mike Hegan","L",73,188,0.242,53,24.80090073,0.46,25.26,219.0082645,1.72427587,1.45460768,"healthy"
"Tim Foli","R",72,179,0.251,25,24.27411265,0.22,24.5,99.60159363,1.397940009,1.413855355,"healthy"
"Stan Papi","R",72,170,0.218,7,23.05362654,0.24,23.29,32.11009174,0.84509804,1.319438549,"healthy"
"Rob Wilfong","L",73,180,0.248,39,23.74554325,-0.1,23.64,157.2580645,1.591064607,1.372965226,"healthy"
"Steve Henderson","R",74,190,0.28,68,24.39189189,0,24.4,242.8571429,1.832508913,1.422966757,"healthy"
"Rob Picciolo","R",74,185,0.234,17,23.75,-0.09,23.66,72.64957265,1.230448921,1.37331,"healthy"
"Bob Dernier","R",72,160,0.255,23,21.69753086,0.27,21.97,90.19607843,1.361727836,1.214530987,"healthy"
"Albert Hall","B",71,155,0.251,5,21.61575084,0.19,21.81,19.92031873,0.698970004,1.208204485,"healthy"
"Barbaro Garbey","R",70,170,0.267,11,24.38979592,0.39,24.78,41.19850187,1.041392685,1.422804612,"healthy"
"Rich Reese","L",75,185,0.253,52,23.12088889,-0.48,22.64,205.5335968,1.716003344,1.324641965,"healthy"
"Jack Hiatt","R",74,190,0.251,22,24.39189189,0.43,24.82,87.64940239,1.342422681,1.422966757,"healthy"
"Nelson Mathews","R",76,195,0.223,22,23.73355263,-0.1,23.63,98.65470852,1.342422681,1.372037631,"healthy"
"Rafael Santana","R",73,165,0.246,13,21.76674798,-0.16,21.61,52.84552846,1.113943352,1.219885624,"healthy"
"Jerry Hairston","B",70,170,0.258,30,24.38979592,0.18,24.57,116.2790698,1.477121255,1.422804612,"healthy"
"Tommie Aaron","R",75,190,0.229,13,23.74577778,0.17,23.92,56.76855895,1.113943352,1.372983369,"healthy"
"Steve Dillard","R",73,180,0.243,13,23.74554325,-0.22,23.52,53.49794239,1.113943352,1.372965226,"healthy"
"Ken Walters","R",73,180,0.231,11,23.74554325,-0.11,23.64,47.61904762,1.041392685,1.372965226,"healthy"
"Paul Dade","R",73,185,0.27,10,24.40514168,-0.2,24.2,37.03703704,1,1.42399176,"healthy"
"Fred Stanley","R",70,165,0.216,10,23.67244898,-0.36,23.31,46.2962963,1,1.367310653,"healthy"
"Larry Bowa","B",70,155,0.26,15,22.2377551,-0.48,21.76,57.69230769,1.176091259,1.256322735,"healthy"
"Tim Corcoran","L",71,175,0.27,12,24.40487998,0.22,24.63,44.44444444,1.079181246,1.423971515,"healthy"
"Matty Alou","L",69,160,0.307,31,23.6252888,0.24,23.86,100.9771987,1.491361694,1.363662342,"healthy"
"Jim Dwyer","L",70,165,0.26,77,23.67244898,-0.45,23.23,296.1538462,1.886490725,1.367310653,"healthy"
"Dalton Jones","L",73,180,0.235,41,23.74554325,0.01,23.75,174.4680851,1.612783857,1.372965226,"healthy"
"Rennie Stennett","R",71,160,0.274,41,22.31303313,-0.15,22.16,149.6350365,1.612783857,1.262146243,"healthy"
"Jerry May","R",74,190,0.234,15,24.39189189,0.21,24.6,64.1025641,1.176091259,1.422966757,"healthy"
"Clint Hurdle","L",75,195,0.259,32,24.37066667,0.09,24.46,123.5521236,1.505149978,1.421324774,"healthy"
"Mike Andrews","R",75,195,0.258,66,24.37066667,0.18,24.55,255.8139535,1.819543936,1.421324774,"healthy"
"Tom Veryzer","R",73,175,0.241,14,23.08594483,0.28,23.37,58.09128631,1.146128036,1.321938692,"healthy"
"George Smith","R",70,170,0.205,9,24.38979592,0.47,24.86,43.90243902,0.954242509,1.422804612,"healthy"
"Boots Day","L",69,160,0.256,8,23.6252888,-0.2,23.42,31.25,0.903089987,1.363662342,"healthy"
"Brian Giles","R",73,165,0.228,10,21.76674798,0.36,22.13,43.85964912,1,1.219885624,"healthy"
"Garry Maddox","R",75,175,0.285,117,21.87111111,0.31,22.18,410.5263158,2.068185862,1.227959155,"healthy"
"Alex Trevino","R",70,165,0.249,23,23.67244898,0.36,24.03,92.36947791,1.361727836,1.367310653,"healthy"
"Felix Millan","R",71,172,0.279,22,23.98651061,-0.03,23.96,78.85304659,1.342422681,1.391606461,"healthy"
"Marvell Wynne","L",71,175,0.247,40,24.40487998,-0.14,24.26,161.9433198,1.602059991,1.423971515,"healthy"
"Dusty Baker","R",74,183,0.278,242,23.49324324,-0.27,23.22,870.5035971,2.383815366,1.353447297,"healthy"
"Gaylord Perry","R",76,205,0.131,6,24.95065789,-0.01,24.94,45.80152672,0.77815125,1.466192894,"healthy"
"Dave Marshall","L",73,182,0.246,16,24.00938262,0.27,24.28,65.04065041,1.204119983,1.393375839,"healthy"
"Roger Repoz","L",75,190,0.224,82,23.74577778,0.27,24.02,366.0714286,1.913813852,1.372983369,"healthy"
"Keith Hernandez","L",72,180,0.296,162,24.40972222,0.16,24.57,547.2972973,2.209515015,1.424346111,"healthy"
"Dane Iorg","L",72,180,0.276,14,24.40972222,0.29,24.7,50.72463768,1.146128036,1.424346111,"healthy"
"Sandy Alomar","B",69,140,0.245,13,20.6721277,0.32,20.99,53.06122449,1.113943352,1.135205799,"healthy"
"Joe Strain","R",70,169,0.25,1,24.24632653,-0.36,23.89,4,0,1.41170582,"healthy"
"Gene Richards","L",72,175,0.29,26,23.73167438,0.18,23.91,89.65517241,1.414973348,1.37189233,"healthy"
"Buddy Bell","R",73,180,0.279,201,23.74554325,-0.39,23.36,720.4301075,2.303196057,1.372965226,"healthy"
"Al Woods","L",75,190,0.271,35,23.74577778,-0.29,23.46,129.1512915,1.544068044,1.372983369,"healthy"
"Rudy Law","L",73,165,0.271,18,21.76674798,-0.11,21.66,66.42066421,1.255272505,1.219885624,"healthy"
"Jody Davis","R",76,192,0.245,127,23.36842105,0.1,23.46,518.3673469,2.103803721,1.343791052,"healthy"
"Mike Edwards","R",70,154,0.25,2,22.09428571,-0.11,21.98,8,0.301029996,1.245223943,"healthy"
"Don Wert","R",70,162,0.242,77,23.24204082,0.5,23.74,318.1818182,1.886490725,1.334014278,"healthy"
"Mike Fiore","L",72,175,0.227,13,23.73167438,0.24,23.97,57.26872247,1.113943352,1.37189233,"healthy"
"Miguel Dilone","B",72,160,0.265,6,21.69753086,-0.35,21.35,22.64150943,0.77815125,1.214530987,"healthy"
"Bobby Tolan","L",71,170,0.265,86,23.7075977,0.13,23.84,324.5283019,1.934498451,1.370029758,"healthy"
"Ron Woods","R",70,168,0.233,26,24.10285714,0.47,24.57,111.5879828,1.414973348,1.400607028,"healthy"
"Randy Hundley","R",71,170,0.236,82,23.7075977,-0.39,23.32,347.4576271,1.913813852,1.370029758,"healthy"
"Jose Tartabull","L",71,165,0.261,2,23.01031541,-0.28,22.73,7.662835249,0.301029996,1.316088,"healthy"
"Ben Oglivie","L",74,160,0.273,235,20.54054054,-0.2,20.35,860.8058608,2.371067862,1.125026216,"healthy"
"Duane Kuiper","L",72,175,0.271,1,23.73167438,0.09,23.82,3.6900369,0,1.37189233,"healthy"
"Lou Johnson","R",71,170,0.258,48,23.7075977,-0.06,23.65,186.0465116,1.681241237,1.370029758,"healthy"
"Terry Harper","R",76,195,0.253,36,23.73355263,-0.1,23.64,142.2924901,1.556302501,1.372037631,"healthy"
"Jerry Royster","R",72,165,0.249,40,22.3755787,0.21,22.59,160.6425703,1.602059991,1.266984768,"healthy"
"Barry Bonnell","R",75,190,0.272,56,23.74577778,0.04,23.78,205.8823529,1.748188027,1.372983369,"healthy"
"Bill Stein","R",70,170,0.267,44,24.38979592,0.08,24.47,164.7940075,1.643452676,1.422804612,"healthy"
"Joel Youngblood","R",72,180,0.265,80,24.40972222,0.24,24.65,301.8867925,1.903089987,1.424346111,"healthy"
"Sonny Jackson","L",69,150,0.251,7,22.14870825,0.38,22.53,27.88844622,0.84509804,1.24943407,"healthy"
"Rodney Scott","B",72,160,0.236,3,21.69753086,0.15,21.85,12.71186441,0.477121255,1.214530987,"healthy"
"Phil Gagliano","R",73,180,0.238,14,23.74554325,0.48,24.23,58.82352941,1.146128036,1.372965226,"healthy"
"Jerry McNertney","R",72,180,0.237,27,24.40972222,-0.41,24,113.9240506,1.431363764,1.424346111,"healthy"
"Larry Milbourne","B",72,161,0.254,11,21.83314043,0.07,21.9,43.30708661,1.041392685,1.225021744,"healthy"
"Domingo Ramos","R",70,154,0.24,8,22.09428571,-0.47,21.63,33.33333333,0.903089987,1.245223943,"healthy"
"Ron Oester","B",74,185,0.265,42,23.75,0.2,23.95,158.490566,1.62324929,1.37331,"healthy"
"Glenn Adams","L",73,180,0.28,34,23.74554325,0.31,24.06,121.4285714,1.531478917,1.372965226,"healthy"
"Paul Popovich","B",72,175,0.233,14,23.73167438,0.17,23.9,60.08583691,1.146128036,1.37189233,"healthy"
"Doug Clemens","L",72,180,0.229,12,24.40972222,-0.33,24.08,52.40174672,1.079181246,1.424346111,"healthy"
"Orlando Mercado","R",72,180,0.199,7,24.40972222,-0.24,24.17,35.1758794,0.84509804,1.424346111,"healthy"
"Charley Smith","R",73,170,0.239,69,22.42634641,0.28,22.71,288.7029289,1.838849091,1.270912158,"healthy"
"Buddy Biancalana","B",71,160,0.205,6,22.31303313,-0.1,22.21,29.26829268,0.77815125,1.262146243,"healthy"
"Felix Torres","R",71,165,0.254,27,23.01031541,-0.16,22.85,106.2992126,1.431363764,1.316088,"healthy"
"Ray Knight","R",73,185,0.271,84,24.40514168,0.18,24.58,309.9630996,1.924279286,1.42399176,"healthy"
"Ty Cline","L",72,170,0.238,6,23.05362654,-0.24,22.82,25.21008403,0.77815125,1.319438549,"healthy"
"Thad Bosley","L",75,175,0.272,20,21.87111111,-0.41,21.47,73.52941176,1.301029996,1.227959155,"healthy"
"Bobby Grich","R",74,180,0.266,224,23.10810811,0.24,23.35,842.1052632,2.350248018,1.323653243,"healthy"
"Jimmie Hall","L",72,175,0.254,121,23.73167438,0.26,23.99,476.3779528,2.08278537,1.37189233,"healthy"
"Brock Davis","L",70,160,0.26,1,22.95510204,0.18,23.13,3.846153846,0,1.311816694,"healthy"
"Mack Jones","L",73,180,0.252,133,23.74554325,0.08,23.83,527.7777778,2.123851641,1.372965226,"healthy"
"Buddy Bradford","R",71,170,0.226,52,23.7075977,-0.16,23.55,230.0884956,1.716003344,1.370029758,"healthy"
"Hosken Powell","L",73,175,0.259,17,23.08594483,-0.06,23.02,65.63706564,1.230448921,1.321938692,"healthy"
"Dave Stapleton","R",73,178,0.271,41,23.48170388,0.16,23.64,151.2915129,1.612783857,1.352554612,"healthy"
"Jim Lonborg","R",77,200,0.136,3,23.71394839,0.16,23.88,22.05882353,0.477121255,1.370521047,"healthy"
"Joe Lis","R",72,175,0.233,32,23.73167438,0.14,23.87,137.3390558,1.505149978,1.37189233,"healthy"
"Jim Holt","L",72,180,0.265,19,24.40972222,0.46,24.87,71.69811321,1.278753601,1.424346111,"healthy"
"Larry Herndon","R",75,190,0.274,107,23.74577778,0.22,23.97,390.5109489,2.029383778,1.372983369,"healthy"
"Wallace Johnson","B",72,173,0.255,5,23.46045525,0.29,23.75,19.60784314,0.698970004,1.350910818,"healthy"
"Eddie Leon","R",72,170,0.236,24,23.05362654,-0.35,22.71,101.6949153,1.380211242,1.319438549,"healthy"
"Jim Wohlford","R",71,175,0.26,21,24.40487998,0.14,24.55,80.76923077,1.322219295,1.423971515,"healthy"
"J.R. Richard","R",80,222,0.168,10,24.3853125,0.12,24.51,59.52380952,1,1.422457775,"healthy"
"Bill Voss","L",74,160,0.227,19,20.54054054,0.49,21.03,83.70044053,1.278753601,1.125026216,"healthy"
"Wayne Krenchicki","L",73,180,0.266,15,23.74554325,0,23.75,56.39097744,1.176091259,1.372965226,"healthy"
"Dave Rosello","R",71,160,0.236,10,22.31303313,-0.22,22.09,42.37288136,1,1.262146243,"healthy"
"Paul Schaal","R",71,165,0.244,57,23.01031541,0.04,23.05,233.6065574,1.755874856,1.316088,"healthy"
"Tito Landrum","R",71,175,0.249,13,24.40487998,0,24.4,52.20883534,1.113943352,1.423971515,"healthy"
"Dave Edwards","R",72,170,0.237,14,23.05362654,-0.24,22.82,59.07172996,1.146128036,1.319438549,"healthy"
"Mario Guerrero","R",70,155,0.257,7,22.2377551,-0.49,21.75,27.23735409,0.84509804,1.256322735,"healthy"
"Tom Tresh","B",73,180,0.245,153,23.74554325,-0.44,23.31,624.4897959,2.184691431,1.372965226,"healthy"
"Ron Roenicke","B",72,180,0.238,17,24.40972222,0.23,24.64,71.42857143,1.230448921,1.424346111,"healthy"
"Doug Griffin","R",72,160,0.245,7,21.69753086,-0.12,21.58,28.57142857,0.84509804,1.214530987,"healthy"
"Steve Blass","R",72,165,0.172,1,22.3755787,-0.41,21.96,5.813953488,0,1.266984768,"healthy"
"Johnnie LeMaster","R",74,165,0.222,22,21.18243243,-0.42,20.76,99.0990991,1.342422681,1.174682973,"healthy"
"Nate Oliver","R",70,160,0.226,2,22.95510204,0.45,23.41,8.849557522,0.301029996,1.311816694,"healthy"
"Ken Rudolph","R",73,180,0.213,6,23.74554325,0.33,24.07,28.16901408,0.77815125,1.372965226,"healthy"
"Len Matuszek","L",74,190,0.234,30,24.39189189,0.19,24.58,128.2051282,1.477121255,1.422966757,"healthy"
"Joe Lefebvre","L",70,170,0.258,31,24.38979592,-0.4,23.99,120.1550388,1.491361694,1.422804612,"healthy"
"Jim Maloney","L",74,190,0.201,7,24.39189189,-0.1,24.29,34.82587065,0.84509804,1.422966757,"healthy"
"Andre Robertson","R",70,155,0.251,5,22.2377551,-0.42,21.82,19.92031873,0.698970004,1.256322735,"healthy"
"Jerry Zimmerman","R",74,185,0.204,3,23.75,-0.3,23.45,14.70588235,0.477121255,1.37331,"healthy"
"Phil Mankowski","L",72,180,0.264,8,24.40972222,-0.25,24.16,30.3030303,0.903089987,1.424346111,"healthy"
"Joaquin Andujar","B",72,170,0.127,5,23.05362654,-0.08,22.97,39.37007874,0.698970004,1.319438549,"healthy"
"Mike Lum","L",72,180,0.247,90,24.40972222,-0.33,24.08,364.3724696,1.954242509,1.424346111,"healthy"
"Johnny Grubb","L",75,175,0.278,99,21.87111111,-0.45,21.42,356.1151079,1.995635195,1.227959155,"healthy"
"Curt Motton","R",68,164,0.213,25,24.933391,0.2,25.13,117.370892,1.397940009,1.464857128,"healthy"
"Dale Berra","R",72,180,0.236,49,24.40972222,0.19,24.6,207.6271186,1.69019608,1.424346111,"healthy"
"Bob Meacham","B",73,175,0.236,8,23.08594483,0.31,23.39,33.89830508,0.903089987,1.321938692,"healthy"
"Carl Warwick","R",70,170,0.248,31,24.38979592,-0.05,24.34,125,1.491361694,1.422804612,"healthy"
"Sam Bowens","R",73,188,0.223,45,24.80090073,-0.41,24.39,201.793722,1.653212514,1.45460768,"healthy"
"Hal Lanier","R",74,180,0.228,8,23.10810811,-0.35,22.76,35.0877193,0.903089987,1.323653243,"healthy"
"Len Randle","B",70,169,0.257,27,24.24632653,-0.27,23.98,105.0583658,1.431363764,1.41170582,"healthy"
"Greg Pryor","R",72,180,0.25,14,24.40972222,0.36,24.77,56,1.146128036,1.424346111,"healthy"
"Dave Nelson","R",70,160,0.244,20,22.95510204,0.06,23.01,81.96721311,1.301029996,1.311816694,"healthy"
"Bryan Little","B",70,160,0.245,3,22.95510204,0.46,23.42,12.24489796,0.477121255,1.311816694,"healthy"
"Ron Stone","L",74,185,0.241,6,23.75,0.19,23.94,24.89626556,0.77815125,1.37331,"healthy"
"Bob Bailey","R",73,180,0.257,189,23.74554325,-0.03,23.71,735.4085603,2.276461804,1.372965226,"healthy"
"Ted Uhlaender","L",74,190,0.263,36,24.39189189,-0.14,24.25,136.8821293,1.556302501,1.422966757,"healthy"
"Bobby Murcer","L",71,160,0.277,252,22.31303313,-0.26,22.05,909.7472924,2.401400541,1.262146243,"healthy"
"Dick Tracewski","R",71,160,0.213,8,22.31303313,-0.17,22.14,37.55868545,0.903089987,1.262146243,"healthy"
"Rick Burleson","R",70,165,0.273,50,23.67244898,0.16,23.84,183.1501832,1.698970004,1.367310653,"healthy"
"Terry Harmon","R",74,180,0.233,4,23.10810811,0.34,23.45,17.16738197,0.602059991,1.323653243,"healthy"
"Lee May","R",75,195,0.267,354,24.37066667,-0.14,24.23,1325.842697,2.549003262,1.421324774,"healthy"
"Sam McDowell","L",77,190,0.154,2,22.52825097,-0.49,22.03,12.98701299,0.301029996,1.278795495,"healthy"
"Dave Campbell","R",73,180,0.213,20,23.74554325,-0.45,23.3,93.89671362,1.301029996,1.372965226,"healthy"
"Pat Kelly","L",73,185,0.264,76,24.40514168,-0.29,24.11,287.8787879,1.880813592,1.42399176,"healthy"
"Al Weis","B",72,160,0.219,7,21.69753086,-0.26,21.44,31.96347032,0.84509804,1.214530987,"healthy"
"Rick Auerbach","R",72,165,0.22,9,22.3755787,0.06,22.44,40.90909091,0.954242509,1.266984768,"healthy"
"Cesar Cedeno","R",74,175,0.285,199,22.46621622,-0.28,22.18,698.245614,2.298853076,1.273996487,"healthy"
"Phil Linz","R",73,180,0.235,11,23.74554325,-0.02,23.73,46.80851064,1.041392685,1.372965226,"healthy"
"Manny Mota","R",70,160,0.304,31,22.95510204,0.03,22.98,101.9736842,1.491361694,1.311816694,"healthy"
"Doug DeCinces","R",74,190,0.259,237,24.39189189,0.33,24.72,915.0579151,2.374748346,1.422966757,"healthy"
"John Castino","R",71,175,0.278,41,24.40487998,-0.36,24.05,147.4820144,1.612783857,1.423971515,"healthy"
"Ron Washington","R",71,155,0.261,20,21.61575084,0.15,21.76,76.62835249,1.301029996,1.208204485,"healthy"
"Billy Grabarkewitz","R",70,165,0.236,28,23.67244898,0.22,23.89,118.6440678,1.447158031,1.367310653,"healthy"
"Don Hahn","R",73,180,0.236,7,23.74554325,-0.28,23.46,29.66101695,0.84509804,1.372965226,"healthy"
"Todd Cruz","R",72,175,0.22,34,23.73167438,0.11,23.85,154.5454545,1.531478917,1.37189233,"healthy"
"Bob Heise","R",72,175,0.247,1,23.73167438,0.46,24.19,4.048582996,0,1.37189233,"healthy"
"Tommy Harper","R",69,165,0.257,146,24.36357908,0.42,24.78,568.0933852,2.164352856,1.420776478,"healthy"
"Rico Carty","R",75,200,0.299,204,24.99555556,0.08,25.07,682.2742475,2.309630167,1.469666178,"healthy"
"Mike Cubbage","L",72,180,0.258,34,24.40972222,-0.37,24.04,131.7829457,1.531478917,1.424346111,"healthy"
"Merritt Ranew","L",71,170,0.247,8,23.7075977,0.44,24.14,32.38866397,0.903089987,1.370029758,"healthy"
"Lyman Bostock","L",73,180,0.311,23,23.74554325,0.49,24.23,73.95498392,1.361727836,1.372965226,"healthy"
"Damaso Garcia","R",73,165,0.283,36,21.76674798,0.45,22.22,127.2084806,1.556302501,1.219885624,"healthy"
"Sonny Siebert","R",75,190,0.173,12,23.74577778,0.36,24.11,69.36416185,1.079181246,1.372983369,"healthy"
"Bobby Darwin","R",74,190,0.251,83,24.39189189,-0.12,24.27,330.6772908,1.919078092,1.422966757,"healthy"
"Bruce Miller","R",73,185,0.246,1,24.40514168,0.42,24.83,4.06504065,0,1.42399176,"healthy"
"Bob Bailor","R",71,170,0.264,9,23.7075977,0.16,23.87,34.09090909,0.954242509,1.370029758,"healthy"
"Tommy Helms","R",70,165,0.269,34,23.67244898,0.43,24.1,126.394052,1.531478917,1.367310653,"healthy"
"Lou Piniella","R",72,182,0.291,102,24.68094136,0.24,24.93,350.5154639,2.008600172,1.445327624,"healthy"
"Mike Krukow","R",77,205,0.193,5,24.3067971,0.12,24.43,25.90673575,0.698970004,1.416383824,"healthy"
"Andres Mora","R",72,180,0.223,27,24.40972222,0.13,24.54,121.0762332,1.431363764,1.424346111,"healthy"
"Alan Wiggins","B",74,160,0.259,5,20.54054054,0.47,21.01,19.30501931,0.698970004,1.125026216,"healthy"
"Julio Gotay","R",72,180,0.26,6,24.40972222,-0.38,24.03,23.07692308,0.77815125,1.424346111,"healthy"
"Andre Thornton","R",75,200,0.254,253,24.99555556,0.38,25.37,996.0629921,2.403120521,1.469666178,"healthy"
"Ollie Brown","R",74,178,0.265,102,22.85135135,-0.43,22.43,384.9056604,2.008600172,1.30379054,"healthy"
"Frank Quilici","R",73,170,0.214,5,22.42634641,0.26,22.69,23.36448598,0.698970004,1.270912158,"healthy"
"Joe Pepitone","L",74,185,0.258,219,23.75,-0.14,23.61,848.8372093,2.340444115,1.37331,"healthy"
"Julio Cruz","B",69,165,0.237,23,24.36357908,-0.16,24.2,97.0464135,1.361727836,1.420776478,"healthy"
"Rudy Meoli","L",69,165,0.212,2,24.36357908,0.3,24.67,9.433962264,0.301029996,1.420776478,"healthy"
"Ruppert Jones","L",70,170,0.25,147,24.38979592,0.4,24.79,588,2.167317335,1.422804612,"healthy"
"Glenn Hoffman","R",73,175,0.242,23,23.08594483,-0.12,22.97,95.04132231,1.361727836,1.321938692,"healthy"
"Luis Pujols","R",74,175,0.193,6,22.46621622,-0.3,22.17,31.0880829,0.77815125,1.273996487,"healthy"
"Mickey Stanley","R",73,185,0.248,117,24.40514168,-0.36,24.05,471.7741935,2.068185862,1.42399176,"healthy"
"Winston Llenas","R",70,165,0.23,3,23.67244898,0.24,23.92,13.04347826,0.477121255,1.367310653,"healthy"
"Tommy John","R",75,180,0.157,5,22.496,0.48,22.98,31.84713376,0.698970004,1.27630056,"healthy"
"Bruce Benedict","R",73,175,0.242,18,23.08594483,0.4,23.49,74.38016529,1.255272505,1.321938692,"healthy"
"Wes Parker","B",73,180,0.267,64,23.74554325,0.23,23.98,239.7003745,1.806179974,1.372965226,"healthy"
"David Green","R",75,170,0.268,31,21.24622222,0.2,21.45,115.6716418,1.491361694,1.179617751,"healthy"
"Reid Nichols","R",71,165,0.266,22,23.01031541,0.11,23.12,82.70676692,1.342422681,1.316088,"healthy"
"Luis Tiant","R",72,180,0.164,5,24.40972222,-0.09,24.32,30.48780488,0.698970004,1.424346111,"healthy"
"Leon Roberts","R",75,200,0.267,78,24.99555556,0.27,25.27,292.1348315,1.892094603,1.469666178,"healthy"
"Ray Burris","R",77,200,0.151,1,23.71394839,0.29,24,6.622516556,0,1.370521047,"healthy"
"Tom Grieve","R",74,190,0.249,65,24.39189189,0.31,24.7,261.0441767,1.812913357,1.422966757,"healthy"
"Bob Forsch","R",76,200,0.213,12,24.34210526,0.06,24.4,56.33802817,1.079181246,1.419115263,"healthy"
"Danny Cater","R",72,170,0.276,66,23.05362654,0.25,23.31,239.1304348,1.819543936,1.319438549,"healthy"
"Reggie Smith","B",72,180,0.287,314,24.40972222,-0.39,24.02,1094.076655,2.496929648,1.424346111,"healthy"
"Davey Johnson","R",73,170,0.261,136,22.42634641,0.43,22.86,521.0727969,2.133538908,1.270912158,"healthy"
"Ellis Valentine","R",76,205,0.278,123,24.95065789,0,24.95,442.4460432,2.089905111,1.466192894,"healthy"
"Roy White","B",70,160,0.271,160,22.95510204,0.17,23.12,590.4059041,2.204119983,1.311816694,"healthy"
"Doug Ault","R",75,200,0.236,17,24.99555556,0.02,25.02,72.03389831,1.230448921,1.469666178,"healthy"
"Mark Wagner","R",72,165,0.243,3,22.3755787,0.41,22.79,12.34567901,0.477121255,1.266984768,"healthy"
"Willie Stargell","L",74,188,0.282,475,24.13513514,-0.07,24.07,1684.397163,2.67669361,1.403104054,"healthy"
"Jake Wood","R",73,163,0.25,35,21.50290861,0.01,21.51,140,1.544068044,1.19947501,"healthy"
"Del Unser","L",73,180,0.258,87,23.74554325,0.05,23.8,337.2093023,1.939519253,1.372965226,"healthy"
"Lee Mazzilli","B",73,180,0.259,93,23.74554325,0.14,23.89,359.0733591,1.968482949,1.372965226,"healthy"
"Garth Iorg","R",71,170,0.258,20,23.7075977,0.25,23.95,77.51937984,1.301029996,1.370029758,"healthy"
"Alan Ashby","B",74,185,0.245,90,23.75,0.01,23.76,367.3469388,1.954242509,1.37331,"healthy"
"Tim Blackwell","B",71,170,0.228,6,23.7075977,-0.24,23.47,26.31578947,0.77815125,1.370029758,"healthy"
"Jerry Morales","R",70,155,0.259,95,22.2377551,0.15,22.38,366.7953668,1.977723605,1.256322735,"healthy"
"Mario Soto","R",72,174,0.132,1,23.59606481,-0.02,23.57,7.575757576,0,1.361401574,"healthy"
"Jimmy Wynn","R",70,160,0.25,291,22.95510204,0.18,23.14,1164,2.463892989,1.311816694,"healthy"
"Pepe Frias","R",70,159,0.24,1,22.81163265,0.38,23.19,4.166666667,0,1.300717902,"healthy"
"Willie Montanez","L",72,170,0.275,139,23.05362654,-0.48,22.58,505.4545455,2.1430148,1.319438549,"healthy"
"Rey Quinones","R",71,160,0.243,29,22.31303313,0.43,22.74,119.3415638,1.462397998,1.262146243,"healthy"
"Bert Campaneris","R",70,160,0.259,79,22.95510204,0.39,23.35,305.019305,1.897627091,1.311816694,"healthy"
"Tom Haller","L",76,195,0.257,134,23.73355263,-0.31,23.42,521.4007782,2.127104798,1.372037631,"healthy"
"Harry Spilman","L",73,180,0.237,18,23.74554325,0.11,23.85,75.94936709,1.255272505,1.372965226,"healthy"
"Bob Barton","R",72,175,0.226,9,23.73167438,-0.33,23.4,39.82300885,0.954242509,1.37189233,"healthy"
"Daryl Sconiers","L",74,185,0.265,15,23.75,0.42,24.17,56.60377358,1.176091259,1.37331,"healthy"
"Sixto Lezcano","R",70,165,0.271,148,23.67244898,-0.46,23.21,546.1254613,2.170261715,1.367310653,"healthy"
"Freddie Patek","R",65,148,0.242,41,24.62579882,0.01,24.63,169.4214876,1.612783857,1.441061797,"healthy"
"Ken Hubbs","R",74,175,0.247,14,22.46621622,0.03,22.5,56.68016194,1.146128036,1.273996487,"healthy"
"Pepe Mangual","R",70,157,0.242,16,22.52469388,-0.21,22.31,66.11570248,1.204119983,1.278520319,"healthy"
"Willie Davis","L",74,180,0.279,182,23.10810811,0.22,23.32,652.3297491,2.260071388,1.323653243,"healthy"
"Tom Lawless","R",71,170,0.207,2,23.7075977,0.17,23.88,9.661835749,0.301029996,1.370029758,"healthy"
"Darrell Brown","B",72,184,0.274,1,24.95216049,0.5,25.45,3.649635036,0,1.466309136,"healthy"
"Manny Trillo","R",73,150,0.263,61,19.78795271,0.03,19.82,231.9391635,1.785329835,1.066806022,"healthy"
"Jackie Gutierrez","R",71,175,0.237,4,24.40487998,-0.02,24.39,16.87763713,0.602059991,1.423971515,"healthy"
"Jerry Kenney","L",73,170,0.237,7,22.42634641,-0.07,22.36,29.53586498,0.84509804,1.270912158,"healthy"
"Fred Kendall","R",73,185,0.234,31,24.40514168,-0.34,24.07,132.4786325,1.491361694,1.42399176,"healthy"
"Junior Kennedy","R",71,175,0.248,4,24.40487998,0.32,24.72,16.12903226,0.602059991,1.423971515,"healthy"
"Wilbur Howard","B",74,170,0.25,6,21.82432432,-0.39,21.44,24,0.77815125,1.224339729,"healthy"
"Rod Gilbreath","R",74,180,0.248,14,23.10810811,0.31,23.42,56.4516129,1.146128036,1.323653243,"healthy"
"Chris Speier","R",73,175,0.246,112,23.08594483,-0.18,22.91,455.2845528,2.049218023,1.321938692,"healthy"
"Gene Michael","B",74,183,0.229,15,23.49324324,0.22,23.71,65.50218341,1.176091259,1.353447297,"healthy"
"Vic Harris","B",71,165,0.217,13,23.01031541,-0.2,22.81,59.9078341,1.113943352,1.316088,"healthy"
"Mike Fischlin","R",73,165,0.22,3,21.76674798,-0.22,21.54,13.63636364,0.477121255,1.219885624,"healthy"
"Don Money","R",73,170,0.261,176,22.42634641,0.03,22.45,674.3295019,2.245512668,1.270912158,"healthy"
"Gil Garrido","R",69,150,0.237,1,22.14870825,-0.37,21.78,4.219409283,0,1.24943407,"healthy"
"Marty Perez","R",71,160,0.246,22,22.31303313,0.23,22.54,89.43089431,1.342422681,1.262146243,"healthy"
"Tom Matchick","L",73,173,0.215,4,22.82210546,-0.31,22.51,18.60465116,0.602059991,1.301528078,"healthy"
"Jack Perconte","L",70,160,0.27,2,22.95510204,0.27,23.22,7.407407407,0.301029996,1.311816694,"healthy"
"Ellie Hendricks","L",73,175,0.22,62,23.08594483,-0.38,22.71,281.8181818,1.792391689,1.321938692,"healthy"
"Jim Beauchamp","R",74,190,0.231,14,24.39189189,-0.49,23.91,60.60606061,1.146128036,1.422966757,"healthy"
"Tito Fuentes","B",71,175,0.268,45,24.40487998,-0.3,24.1,167.9104478,1.653212514,1.423971515,"healthy"
"Leo Cardenas","R",71,150,0.257,118,20.91846856,-0.23,20.69,459.1439689,2.071882007,1.154262728,"healthy"
"Art Shamsky","L",73,168,0.253,68,22.16250704,0.25,22.42,268.7747036,1.832508913,1.250501545,"healthy"
"Bill Russell","R",72,175,0.263,46,23.73167438,0.06,23.79,174.904943,1.662757832,1.37189233,"healthy"
"Darrel Chaney","B",74,188,0.217,14,24.13513514,0.32,24.45,64.51612903,1.146128036,1.403104054,"healthy"
"Ted Savage","R",73,185,0.233,34,24.40514168,0.24,24.65,145.9227468,1.531478917,1.42399176,"healthy"
"Pete Mackanin","R",74,190,0.226,30,24.39189189,-0.18,24.21,132.7433628,1.477121255,1.422966757,"healthy"
"Rich Dauer","R",72,180,0.257,43,24.40972222,0.32,24.73,167.3151751,1.633468456,1.424346111,"healthy"
"Rowland Office","L",72,170,0.259,32,23.05362654,-0.26,22.79,123.5521236,1.505149978,1.319438549,"healthy"
"Rick Leach","L",73,180,0.268,18,23.74554325,0.26,24,67.1641791,1.255272505,1.372965226,"healthy"
"Dwayne Murphy","L",73,185,0.246,166,24.40514168,0.3,24.7,674.796748,2.220108088,1.42399176,"healthy"
"Larry Harlow","L",74,185,0.248,12,23.75,-0.13,23.62,48.38709677,1.079181246,1.37331,"healthy"
"Jerry Mumphrey","B",74,185,0.289,70,23.75,-0.25,23.5,242.2145329,1.84509804,1.37331,"healthy"
"Ron Davis","R",72,175,0.233,10,23.73167438,-0.31,23.42,42.91845494,1,1.37189233,"healthy"
"Mike Shannon","R",75,195,0.255,68,24.37066667,0.44,24.81,266.6666667,1.832508913,1.421324774,"healthy"
"Jason Thompson","L",76,200,0.261,208,24.34210526,-0.28,24.07,796.9348659,2.318063335,1.419115263,"healthy"
"Wayne Tolleson","B",69,160,0.241,9,23.6252888,0.14,23.76,37.34439834,0.954242509,1.363662342,"healthy"
"Ed Romero","R",71,160,0.247,8,22.31303313,0.36,22.67,32.38866397,0.903089987,1.262146243,"healthy"
"Cecil Cooper","L",74,165,0.298,241,21.18243243,0.43,21.61,808.7248322,2.382017043,1.174682973,"healthy"
"Bill Almon","R",75,180,0.254,36,22.496,-0.13,22.36,141.7322835,1.556302501,1.27630056,"healthy"
"Jerry Terrell","R",71,165,0.253,4,23.01031541,0.31,23.32,15.81027668,0.602059991,1.316088,"healthy"
"Curt Ford","L",70,150,0.245,7,21.52040816,-0.03,21.49,28.57142857,0.84509804,1.200828775,"healthy"
"Jerry Dybzinski","R",74,180,0.234,3,23.10810811,0.1,23.21,12.82051282,0.477121255,1.323653243,"healthy"
"Bob Burda","L",71,174,0.224,13,24.26542353,0.35,24.62,58.03571429,1.113943352,1.413183164,"healthy"
"Dave Rader","L",71,165,0.257,30,23.01031541,-0.3,22.71,116.7315175,1.477121255,1.316088,"healthy"
"Ron Gardenhire","R",72,175,0.232,4,23.73167438,0.4,24.13,17.24137931,0.602059991,1.37189233,"healthy"
"Alan Bannister","R",71,170,0.27,19,23.7075977,-0.2,23.51,70.37037037,1.278753601,1.370029758,"healthy"
"Ken Harrelson","R",74,190,0.239,131,24.39189189,-0.49,23.9,548.1171548,2.117271296,1.422966757,"healthy"
"Bobby Wine","R",73,187,0.215,30,24.66898105,0.11,24.78,139.5348837,1.477121255,1.444402374,"healthy"
"Chico Ruiz","B",72,169,0.24,2,22.91801698,0.09,23.01,8.333333333,0.301029996,1.308947794,"healthy"
"Doug Frobel","L",76,196,0.201,20,23.85526316,0.01,23.87,99.50248756,1.301029996,1.381453158,"healthy"
"Luis Melendez","R",72,165,0.248,9,22.3755787,0.33,22.71,36.29032258,0.954242509,1.266984768,"healthy"
"Buck Rodgers","B",74,190,0.232,31,24.39189189,0.34,24.73,133.6206897,1.491361694,1.422966757,"healthy"
"Phil Niekro","R",73,180,0.169,7,23.74554325,-0.42,23.33,41.42011834,0.84509804,1.372965226,"healthy"
"Brian Asselstine","L",73,175,0.254,12,23.08594483,-0.2,22.89,47.24409449,1.079181246,1.321938692,"healthy"
"Rick Miller","L",72,175,0.269,28,23.73167438,-0.08,23.65,104.0892193,1.447158031,1.37189233,"healthy"
"Ed Charles","R",70,170,0.263,86,24.38979592,0.48,24.87,326.9961977,1.934498451,1.422804612,"healthy"
"Tony Conigliaro","R",75,185,0.264,166,23.12088889,-0.23,22.89,628.7878788,2.220108088,1.324641965,"healthy"
"Jerry Remy","L",69,165,0.275,7,24.36357908,0.34,24.7,25.45454545,0.84509804,1.420776478,"healthy"
"Frank Duffy","R",73,180,0.232,26,23.74554325,0.29,24.04,112.0689655,1.414973348,1.372965226,"healthy"
"Tom O'Malley","L",72,180,0.256,13,24.40972222,-0.28,24.13,50.78125,1.113943352,1.424346111,"healthy"
"Denny Doyle","L",69,175,0.25,16,25.84015963,0.07,25.91,64,1.204119983,1.535004749,"overweight"
"Mike Ryan","R",74,205,0.193,28,26.31756757,-0.33,25.99,145.0777202,1.447158031,1.571937027,"overweight"
"Fritz Peterson","B",72,185,0.159,2,25.08777006,0.01,25.1,12.57861635,0.301029996,1.476799892,"overweight"
"Dick Bertell","R",72,200,0.25,10,27.12191358,0.34,27.46,40,1,1.634161235,"overweight"
"Juan Bonilla","R",69,170,0.256,7,25.10186936,0.07,25.18,27.34375,0.84509804,1.477890614,"overweight"
"Frank Tepedino","L",71,185,0.241,6,25.79944455,-0.33,25.47,24.89626556,0.77815125,1.53185503,"overweight"
"Darrell Evans","L",74,200,0.248,414,25.67567568,0.1,25.78,1669.354839,2.617000341,1.522280271,"overweight"
"Buck Martinez","R",70,190,0.225,58,27.25918367,0.46,27.71,257.7777778,1.763427994,1.644780449,"overweight"
"John Wockenfuss","R",72,190,0.262,86,25.7658179,-0.22,25.54,328.2442748,1.934498451,1.529253673,"overweight"
"Pete Rose","B",71,192,0.303,160,26.77563975,0.33,27.11,528.0528053,2.204119983,1.607373491,"overweight"
"Danny Walton","R",72,195,0.223,28,26.44386574,-0.07,26.37,125.5605381,1.447158031,1.581707454,"overweight"
"Bobby Cox","R",71,180,0.225,9,25.10216227,-0.11,25,40,0.954242509,1.477913273,"overweight"
"Jeff Newman","R",74,215,0.224,63,27.60135135,-0.22,27.38,281.25,1.799340549,1.67125054,"overweight"
"Gene Clines","R",69,170,0.277,5,25.10186936,0.24,25.35,18.05054152,0.698970004,1.477890614,"overweight"
"Jerry Buchek","R",71,185,0.22,22,25.79944455,0.32,26.12,100,1.342422681,1.53185503,"overweight"
"Gary Nolan","R",74,197,0.138,1,25.29054054,-0.04,25.25,7.246376812,0,1.492486216,"overweight"
"Fred Whitfield","L",73,190,0.253,108,25.0647401,-0.17,24.9,426.8774704,2.033423755,1.475018294,"overweight"
"Larry Dierker","R",76,215,0.136,4,26.16776316,-0.19,25.97,29.41176471,0.602059991,1.560348158,"overweight"
"Dave Skaggs","R",74,200,0.241,3,25.67567568,0.45,26.13,12.44813278,0.477121255,1.522280271,"overweight"
"Eric Soderholm","R",71,187,0.264,102,26.07835747,0.31,26.39,386.3636364,2.008600172,1.553431734,"overweight"
"Ted Ford","R",70,180,0.219,17,25.8244898,-0.35,25.47,77.62557078,1.230448921,1.533792531,"overweight"
"Bo Diaz","R",71,185,0.255,87,25.79944455,0.06,25.86,341.1764706,1.939519253,1.53185503,"overweight"
"Bump Wills","B",69,172,0.266,36,25.39718547,0.26,25.66,135.3383459,1.556302501,1.500736268,"overweight"
"Pat Putnam","L",72,205,0.255,63,27.79996142,0.44,28.24,247.0588235,1.799340549,1.686615015,"overweight"
"Chris Chambliss","L",73,195,0.279,185,25.72433853,-0.28,25.44,663.0824373,2.267171728,1.526044829,"overweight"
"Jeffrey Leonard","R",74,200,0.266,144,25.67567568,0.45,26.13,541.3533835,2.158362492,1.522280271,"overweight"
"Rich Rollins","R",70,185,0.269,77,26.54183673,0.29,26.83,286.2453532,1.886490725,1.589286489,"overweight"
"Walt Bond","L",79,228,0.256,41,25.68242269,-0.49,25.2,160.15625,1.612783857,1.522802219,"overweight"
"Merv Rettenmund","R",70,190,0.271,66,27.25918367,-0.18,27.08,243.5424354,1.819543936,1.644780449,"overweight"
"Walt Williams","R",66,165,0.27,33,26.62878788,0.3,26.93,122.2222222,1.51851394,1.59601303,"overweight"
"Jerry Koosman","R",74,205,0.119,2,26.31756757,0.14,26.46,16.80672269,0.301029996,1.571937027,"overweight"
"Joe Azcue","R",72,190,0.252,50,25.7658179,-0.44,25.32,198.4126984,1.698970004,1.529253673,"overweight"
"Elliott Maddox","R",71,180,0.261,18,25.10216227,0.02,25.12,68.96551724,1.255272505,1.477913273,"overweight"
"Rusty Torres","B",70,175,0.212,35,25.10714286,0.22,25.33,165.0943396,1.544068044,1.478298572,"overweight"
"John Stearns","R",72,185,0.26,46,25.08777006,-0.26,24.82,176.9230769,1.662757832,1.476799892,"overweight"
"Ken Singleton","B",76,210,0.282,246,25.55921053,0.01,25.57,872.3404255,2.390935107,1.513270527,"overweight"
"Jim Fairey","L",70,190,0.235,7,27.25918367,-0.31,26.95,29.78723404,0.84509804,1.644780449,"overweight"
"Floyd Robinson","L",69,175,0.283,67,25.84015963,0.16,26,236.7491166,1.826074803,1.535004749,"overweight"
"Steve Jeltz","B",71,180,0.21,5,25.10216227,-0.18,24.92,23.80952381,0.698970004,1.477913273,"overweight"
"Joe Lovitto","B",72,185,0.216,4,25.08777006,0.28,25.37,18.51851852,0.602059991,1.476799892,"overweight"
"Wayne Comer","R",70,175,0.229,16,25.10714286,0.37,25.48,69.86899563,1.204119983,1.478298572,"overweight"
"Ed Spiezio","R",71,180,0.238,39,25.10216227,-0.18,24.92,163.8655462,1.591064607,1.477913273,"overweight"
"Steve Swisher","R",74,205,0.216,20,26.31756757,-0.15,26.16,92.59259259,1.301029996,1.571937027,"overweight"
"Willie Crawford","L",73,197,0.268,86,25.98817789,0.1,26.09,320.8955224,1.934498451,1.546455442,"overweight"
"Willie Norwood","R",72,185,0.242,18,25.08777006,-0.11,24.98,74.38016529,1.255272505,1.476799892,"overweight"
"Joe Lahoud","L",73,198,0.223,65,26.12009758,-0.25,25.87,291.4798206,1.812913357,1.556660749,"overweight"
"Dave McKay","B",73,195,0.229,21,25.72433853,-0.45,25.27,91.70305677,1.322219295,1.526044829,"overweight"
"Sal Butera","R",72,190,0.227,8,25.7658179,-0.44,25.33,35.24229075,0.903089987,1.529253673,"overweight"
"Darryl Motley","R",69,196,0.243,44,28.94097879,0.47,29.41,181.0699588,1.643452676,1.774884119,"overweight"
"Johnny Oates","L",71,188,0.25,14,26.21781393,-0.15,26.07,56,1.146128036,1.564220086,"overweight"
"Ron Santo","R",72,190,0.277,342,25.7658179,0.37,26.13,1234.65704,2.534026106,1.529253673,"overweight"
"Jim Ray Hart","R",71,185,0.278,170,25.79944455,-0.18,25.62,611.5107914,2.230448921,1.53185503,"overweight"
"Marc Hill","R",75,205,0.223,34,25.62044444,-0.05,25.57,152.4663677,1.531478917,1.518007582,"overweight"
"Andy Etchebarren","R",73,190,0.235,49,25.0647401,0.07,25.14,208.5106383,1.69019608,1.475018294,"overweight"
"Junior Moore","R",71,185,0.264,7,25.79944455,0.27,26.07,26.51515152,0.84509804,1.53185503,"overweight"
"Chris Brown","R",72,185,0.269,38,25.08777006,0.03,25.12,141.2639405,1.579783597,1.476799892,"overweight"
"Al Bumbry","L",68,170,0.281,54,25.84558824,-0.07,25.78,192.1708185,1.73239376,1.535424706,"overweight"
"Ed Kranepool","L",75,205,0.261,118,25.62044444,-0.46,25.16,452.1072797,2.071882007,1.518007582,"overweight"
"Bucky Dent","R",69,170,0.247,40,25.10186936,0.25,25.35,161.9433198,1.602059991,1.477890614,"overweight"
"Tony Gonzalez","L",69,170,0.286,103,25.10186936,-0.49,24.61,360.1398601,2.012837225,1.477890614,"overweight"
"Larry Haney","R",74,195,0.215,12,25.03378378,-0.14,24.9,55.81395349,1.079181246,1.472623513,"overweight"
"Gary Roenicke","R",75,205,0.247,121,25.62044444,-0.23,25.39,489.8785425,2.08278537,1.518007582,"overweight"
"Don Lock","R",74,195,0.238,122,25.03378378,-0.17,24.87,512.605042,2.086359831,1.472623513,"overweight"
"Hal McRae","R",71,180,0.29,191,25.10216227,0.12,25.22,658.6206897,2.281033367,1.477913273,"overweight"
"Dave Roberts","R",75,215,0.239,49,26.87022222,0.3,27.17,205.0209205,1.69019608,1.614690391,"overweight"
"Charlie Spikes","R",75,215,0.246,65,26.87022222,0.2,27.07,264.2276423,1.812913357,1.614690391,"overweight"
"Duffy Dyer","R",72,187,0.221,30,25.3589892,0.05,25.41,135.7466063,1.477121255,1.497781405,"overweight"
"Wayne Gross","L",74,210,0.233,121,26.95945946,0.09,27.05,519.3133047,2.08278537,1.621593784,"overweight"
"Mike Champion","R",72,185,0.229,2,25.08777006,-0.25,24.84,8.733624454,0.301029996,1.476799892,"overweight"
"Horace Clarke","B",69,170,0.256,27,25.10186936,-0.03,25.08,105.46875,1.431363764,1.477890614,"overweight"
"Larry Cox","R",70,178,0.221,12,25.53755102,0.1,25.63,54.29864253,1.079181246,1.511594947,"overweight"
"Rick Bosetti","R",71,185,0.25,17,25.79944455,0.33,26.13,68,1.230448921,1.53185503,"overweight"
"Ron Pruitt","R",72,185,0.269,12,25.08777006,0.45,25.54,44.60966543,1.079181246,1.476799892,"overweight"
"Angel Mangual","R",70,178,0.245,22,25.53755102,0.18,25.71,89.79591837,1.342422681,1.511594947,"overweight"
"Ken Gerhart","R",72,190,0.221,24,25.7658179,0.32,26.09,108.5972851,1.380211242,1.529253673,"overweight"
"Mike Hershberger","R",70,175,0.252,26,25.10714286,-0.42,24.68,103.1746032,1.414973348,1.478298572,"overweight"
"Jim French","L",68,180,0.196,5,27.36591696,-0.3,27.07,25.51020408,0.698970004,1.653037336,"overweight"
"Aurelio Rodriguez","R",70,180,0.237,124,25.8244898,-0.04,25.78,523.2067511,2.093421685,1.533792531,"overweight"
"Sal Bando","R",72,195,0.254,242,26.44386574,0.43,26.87,952.7559055,2.383815366,1.581707454,"overweight"
"George Mitterwald","R",74,195,0.236,76,25.03378378,-0.48,24.56,322.0338983,1.880813592,1.472623513,"overweight"
"Mike Tyson","R",69,170,0.241,27,25.10186936,-0.35,24.76,112.033195,1.431363764,1.477890614,"overweight"
"Duane Josephson","R",72,190,0.258,23,25.7658179,0.13,25.89,89.14728682,1.361727836,1.529253673,"overweight"
"Duane Walker","L",72,185,0.229,24,25.08777006,0.03,25.12,104.8034934,1.380211242,1.476799892,"overweight"
"Roger Freed","R",72,190,0.245,22,25.7658179,-0.13,25.64,89.79591837,1.342422681,1.529253673,"overweight"
"Terry Whitfield","L",73,197,0.281,33,25.98817789,0.44,26.42,117.4377224,1.51851394,1.546455442,"overweight"
"Dave Engle","R",75,210,0.262,31,26.24533333,-0.2,26.04,118.3206107,1.491361694,1.566348986,"overweight"
"Mike Easler","L",72,190,0.293,118,25.7658179,0.03,25.8,402.7303754,2.071882007,1.529253673,"overweight"
"Rick Sweet","B",73,200,0.234,6,26.38393695,-0.39,26,25.64102564,0.77815125,1.577071362,"overweight"
"Thurman Munson","R",71,190,0.292,113,26.49672684,0.27,26.77,386.9863014,2.053078443,1.585796788,"overweight"
"Ron Hunt","R",72,186,0.273,39,25.22337963,0.09,25.31,142.8571429,1.591064607,1.487290648,"overweight"
"Joe Keough","L",72,185,0.246,9,25.08777006,0.42,25.51,36.58536585,0.954242509,1.476799892,"overweight"
"Vic Correll","R",70,185,0.229,29,26.54183673,0.32,26.86,126.6375546,1.462397998,1.589286489,"overweight"
"Tony Solaita","L",72,210,0.255,50,28.47800926,-0.02,28.45,196.0784314,1.698970004,1.739068796,"overweight"
"Joe Foy","R",72,215,0.248,58,29.1560571,0.37,29.53,233.8709677,1.763427994,1.791522577,"overweight"
"Leroy Stanton","R",73,195,0.244,77,25.72433853,-0.43,25.29,315.5737705,1.886490725,1.526044829,"overweight"
"Glenn Burke","R",72,195,0.237,2,26.44386574,0.44,26.88,8.438818565,0.301029996,1.581707454,"overweight"
"Tom Hutton","L",71,180,0.248,22,25.10216227,-0.07,25.03,88.70967742,1.342422681,1.477913273,"overweight"
"Tom Paciorek","R",76,215,0.282,86,26.16776316,-0.17,25.99,304.964539,1.934498451,1.560348158,"overweight"
"Bob Montgomery","R",73,195,0.258,23,25.72433853,-0.48,25.24,89.14728682,1.361727836,1.526044829,"overweight"
"Jeff Burroughs","R",73,200,0.261,240,26.38393695,0.34,26.72,919.5402299,2.380211242,1.577071362,"overweight"
"Jim Norris","L",70,175,0.264,7,25.10714286,0.11,25.22,26.51515152,0.84509804,1.478298572,"overweight"
"George Vukovich","L",72,198,0.268,27,26.85069444,-0.4,26.45,100.7462687,1.431363764,1.613179722,"overweight"
"Al Cowens","R",73,197,0.27,108,25.98817789,-0.49,25.5,400,2.033423755,1.546455442,"overweight"
"Al Oliver","L",72,195,0.303,219,26.44386574,0.49,26.94,722.7722772,2.340444115,1.581707454,"overweight"
"Dave Hilton","R",71,191,0.213,6,26.6361833,-0.03,26.6,28.16901408,0.77815125,1.59658514,"overweight"
"Carmen Fanzone","R",72,200,0.224,20,27.12191358,-0.24,26.89,89.28571429,1.301029996,1.634161235,"overweight"
"Gary Allenson","R",71,185,0.221,19,25.79944455,0.12,25.92,85.97285068,1.278753601,1.53185503,"overweight"
"Milt May","L",72,190,0.263,77,25.7658179,0.07,25.83,292.7756654,1.886490725,1.529253673,"overweight"
"Jim Nettles","L",72,186,0.22,16,25.22337963,-0.17,25.06,72.72727273,1.204119983,1.487290648,"overweight"
"Chris Cannizzaro","R",72,190,0.235,18,25.7658179,-0.1,25.67,76.59574468,1.255272505,1.529253673,"overweight"
"Larry Biittner","L",74,205,0.273,29,26.31756757,-0.31,26.01,106.2271062,1.462397998,1.571937027,"overweight"
"Andy Messersmith","R",73,200,0.17,5,26.38393695,0.29,26.68,29.41176471,0.698970004,1.577071362,"overweight"
"Richie Zisk","R",73,200,0.287,207,26.38393695,0.26,26.64,721.2543554,2.315970345,1.577071362,"overweight"
"Dave Chalk","R",70,175,0.252,15,25.10714286,0.12,25.23,59.52380952,1.176091259,1.478298572,"overweight"
"Don Baylor","R",73,190,0.26,338,25.0647401,-0.01,25.06,1300,2.5289167,1.475018294,"overweight"
"Bill Fahey","L",72,200,0.241,7,27.12191358,-0.28,26.84,29.04564315,0.84509804,1.634161235,"overweight"
"Doug Camilli","R",71,195,0.199,18,27.19400913,-0.25,26.95,90.45226131,1.255272505,1.639738546,"overweight"
"Bruce Bochy","R",75,205,0.239,26,25.62044444,-0.04,25.58,108.7866109,1.414973348,1.518007582,"overweight"
"Claudell Washington","L",72,190,0.278,164,25.7658179,-0.09,25.68,589.9280576,2.214843848,1.529253673,"overweight"
"John Mayberry","L",75,215,0.253,255,26.87022222,-0.18,26.69,1007.905138,2.40654018,1.614690391,"overweight"
"Kevin Bell","R",72,195,0.222,13,26.44386574,0.01,26.45,58.55855856,1.113943352,1.581707454,"overweight"
"Tom Nieto","R",73,193,0.205,5,25.46049916,-0.09,25.37,24.3902439,0.698970004,1.505634215,"overweight"
"Duke Sims","L",74,197,0.239,100,25.29054054,0.4,25.69,418.4100418,2,1.492486216,"overweight"
"Larvell Blanks","R",68,167,0.253,20,25.38948962,-0.01,25.38,79.0513834,1.301029996,1.500140917,"overweight"
"Steve Yeager","R",72,190,0.228,102,25.7658179,-0.25,25.51,447.3684211,2.008600172,1.529253673,"overweight"
"Danny Goodwin","L",73,195,0.236,13,25.72433853,0.37,26.1,55.08474576,1.113943352,1.526044829,"overweight"
"John Hale","L",74,195,0.201,14,25.03378378,-0.16,24.87,69.65174129,1.146128036,1.472623513,"overweight"
"Pedro Garcia","R",70,175,0.22,37,25.10714286,-0.48,24.62,168.1818182,1.568201724,1.478298572,"overweight"
"Ike Brown","R",72,190,0.256,20,25.7658179,-0.49,25.27,78.125,1.301029996,1.529253673,"overweight"
"Glenn Borgmann","R",76,210,0.229,16,25.55921053,-0.03,25.53,69.86899563,1.204119983,1.513270527,"overweight"
"Lamar Johnson","R",74,215,0.287,64,27.60135135,-0.39,27.21,222.9965157,1.806179974,1.67125054,"overweight"
"Manny Sanguillen","R",72,193,0.296,65,26.1726466,-0.19,25.98,219.5945946,1.812913357,1.560725941,"overweight"
"Gates Brown","L",71,220,0.257,84,30.68042055,0.35,31.03,326.848249,1.924279286,1.909447334,"overweight"
"Billy North","B",71,185,0.261,20,25.79944455,0.16,25.96,76.62835249,1.301029996,1.53185503,"overweight"
"Frank Fernandez","R",72,185,0.199,39,25.08777006,0.11,25.2,195.9798995,1.591064607,1.476799892,"overweight"
"Bombo Rivera","R",70,187,0.265,10,26.82877551,0.36,27.19,37.73584906,1,1.611484073,"overweight"
"Steve Brye","R",72,190,0.258,30,25.7658179,0.29,26.06,116.2790698,1.477121255,1.529253673,"overweight"
"Ron Jackson","R",72,200,0.259,56,27.12191358,0.25,27.37,216.2162162,1.748188027,1.634161235,"overweight"
"Ray Webster","L",72,185,0.244,17,25.08777006,0.26,25.35,69.67213115,1.230448921,1.476799892,"overweight"
"Bob Kearney","R",72,190,0.233,27,25.7658179,-0.45,25.32,115.8798283,1.431363764,1.529253673,"overweight"
"Dick Dietz","R",73,195,0.261,66,25.72433853,-0.13,25.59,252.8735632,1.819543936,1.526044829,"overweight"
"Mickey Brantley","R",70,180,0.259,32,25.8244898,-0.1,25.72,123.5521236,1.505149978,1.533792531,"overweight"
"Dick Billings","R",73,195,0.227,16,25.72433853,0.43,26.15,70.4845815,1.204119983,1.526044829,"overweight"
"Burt Hooton","R",73,210,0.123,4,27.7031338,-0.47,27.23,32.5203252,0.602059991,1.679124431,"overweight"
"Jim Sundberg","R",72,190,0.248,95,25.7658179,0.27,26.04,383.0645161,1.977723605,1.529253673,"overweight"
"Andy Kosco","R",75,205,0.236,73,25.62044444,0.27,25.89,309.3220339,1.86332286,1.518007582,"overweight"
"Steve Huntz","B",73,204,0.206,16,26.91161569,-0.17,26.74,77.66990291,1.204119983,1.61789259,"overweight"
"Joe Hague","L",72,195,0.239,40,26.44386574,-0.13,26.31,167.3640167,1.602059991,1.581707454,"overweight"
"Ed Herrmann","L",73,195,0.24,80,25.72433853,-0.17,25.55,333.3333333,1.903089987,1.526044829,"overweight"
"Bob Molinaro","L",72,190,0.264,14,25.7658179,-0.38,25.38,53.03030303,1.146128036,1.529253673,"overweight"
"Mike Diaz","R",74,195,0.247,31,25.03378378,-0.41,24.62,125.5060729,1.491361694,1.472623513,"overweight"
"Alan Knicely","R",72,190,0.213,12,25.7658179,0.01,25.78,56.33802817,1.079181246,1.529253673,"overweight"
"Tim Laudner","R",75,212,0.225,77,26.49528889,-0.04,26.45,342.2222222,1.886490725,1.585685549,"overweight"
"Jose Morales","R",71,187,0.287,26,26.07835747,-0.34,25.74,90.59233449,1.414973348,1.553431734,"overweight"
"Juan Marichal","R",72,185,0.165,4,25.08777006,0.09,25.18,24.24242424,0.602059991,1.476799892,"overweight"
"Vida Blue","B",72,189,0.104,4,25.63020833,0.25,25.89,38.46153846,0.602059991,1.518762916,"overweight"
"Roberto Pena","R",68,170,0.245,13,25.84558824,-0.47,25.37,53.06122449,1.113943352,1.535424706,"overweight"
"Bill Melton","R",74,200,0.253,160,25.67567568,0.07,25.74,632.4110672,2.204119983,1.522280271,"overweight"
"John Milner","L",72,185,0.249,131,25.08777006,0.27,25.36,526.1044177,2.117271296,1.476799892,"overweight"
"Chris Bando","B",72,195,0.227,27,26.44386574,0.46,26.91,118.9427313,1.431363764,1.581707454,"overweight"
"Bill Buckner","L",72,185,0.289,174,25.08777006,0.02,25.1,602.0761246,2.240549248,1.476799892,"overweight"
"Ron Theobald","R",68,165,0.248,2,25.08542388,-0.39,24.7,8.064516129,0.301029996,1.476618391,"overweight"
"George Scott","R",74,200,0.268,271,25.67567568,0.13,25.8,1011.19403,2.432969291,1.522280271,"overweight"
"Gorman Thomas","R",74,210,0.225,268,26.95945946,0.41,27.37,1191.111111,2.428134794,1.621593784,"overweight"
"Darrell Porter","L",72,193,0.247,188,26.1726466,0.06,26.23,761.1336032,2.274157849,1.560725941,"overweight"
"Jim Spencer","L",74,195,0.25,146,25.03378378,-0.06,24.97,584,2.164352856,1.472623513,"overweight"
"Pete LaCock","L",74,200,0.257,27,25.67567568,0.26,25.93,105.0583658,1.431363764,1.522280271,"overweight"
"Carl Morton","R",72,200,0.156,7,27.12191358,0.36,27.48,44.87179487,0.84509804,1.634161235,"overweight"
"Gary Gray","R",72,187,0.24,24,25.3589892,-0.41,24.95,100,1.380211242,1.497781405,"overweight"
"Rich McKinney","R",71,185,0.225,20,25.79944455,-0.11,25.69,88.88888889,1.301029996,1.53185503,"overweight"
"Bobby Clark","R",72,190,0.239,19,25.7658179,0.49,26.26,79.49790795,1.278753601,1.529253673,"overweight"
"Cliff Johnson","R",76,215,0.258,196,26.16776316,0.28,26.45,759.6899225,2.292256071,1.560348158,"overweight"
"Donn Clendenon","R",76,209,0.274,159,25.4375,-0.16,25.27,580.2919708,2.201397124,1.503855,"overweight"
"Charlie James","R",73,195,0.255,29,25.72433853,0.13,25.86,113.7254902,1.462397998,1.526044829,"overweight"
"Bob Horner","R",73,195,0.277,218,25.72433853,-0.15,25.57,787.0036101,2.338456494,1.526044829,"overweight"
"Jim Essian","R",74,195,0.244,33,25.03378378,-0.17,24.86,135.2459016,1.51851394,1.472623513,"overweight"
"Onix Concepcion","R",66,160,0.239,3,25.82185491,-0.41,25.41,12.55230126,0.477121255,1.533588696,"overweight"
"Jim Price","R",72,192,0.214,18,26.03703704,0.13,26.17,84.11214953,1.255272505,1.550235185,"overweight"
"Steve Garvey","R",70,192,0.294,272,27.54612245,0.01,27.55,925.170068,2.434568904,1.666978033,"overweight"
"Don Mincher","L",75,205,0.249,200,25.62044444,-0.41,25.21,803.2128514,2.301029996,1.518007582,"overweight"
"Tony Cloninger","R",72,210,0.192,11,28.47800926,-0.17,28.3,57.29166667,1.041392685,1.739068796,"overweight"
"Jim Gosger","L",71,185,0.226,30,25.79944455,-0.15,25.65,132.7433628,1.477121255,1.53185503,"overweight"
"Chuck Harrison","R",70,185,0.238,17,26.54183673,0.42,26.96,71.42857143,1.230448921,1.589286489,"overweight"
"Mike Ivie","R",75,205,0.269,81,25.62044444,-0.12,25.5,301.1152416,1.908485019,1.518007582,"overweight"
"Tucker Ashford","R",73,195,0.218,6,25.72433853,0.18,25.91,27.52293578,0.77815125,1.526044829,"overweight"
"Ned Yost","R",73,190,0.212,16,25.0647401,-0.14,24.93,75.47169811,1.204119983,1.475018294,"overweight"
"Bob Stinson","B",71,180,0.25,33,25.10216227,0.41,25.51,132,1.51851394,1.477913273,"overweight"
"Mickey Hatcher","R",74,200,0.28,38,25.67567568,0.05,25.73,135.7142857,1.579783597,1.522280271,"overweight"
"John Orsino","R",75,215,0.249,40,26.87022222,-0.22,26.65,160.6425703,1.602059991,1.614690391,"overweight"
"Johnny Briggs","L",73,190,0.253,139,25.0647401,0.21,25.28,549.4071146,2.1430148,1.475018294,"overweight"
"Dave Hostetler","R",76,215,0.229,37,26.16776316,-0.11,26.06,161.5720524,1.568201724,1.560348158,"overweight"
"Bob Jones","L",74,195,0.221,20,25.03378378,-0.46,24.57,90.49773756,1.301029996,1.472623513,"overweight"
"Willie Upshaw","L",72,185,0.262,123,25.08777006,-0.25,24.83,469.4656489,2.089905111,1.476799892,"overweight"
"Dick Green","R",70,180,0.24,80,25.8244898,0.03,25.85,333.3333333,1.903089987,1.533792531,"overweight"
"Richie Hebner","L",73,195,0.276,203,25.72433853,-0.04,25.68,735.5072464,2.307496038,1.526044829,"overweight"
"Fran Healy","R",77,220,0.25,20,26.08534323,-0.26,25.83,80,1.301029996,1.553972152,"overweight"
"Doc Edwards","R",74,215,0.238,15,27.60135135,0.37,27.97,63.02521008,1.176091259,1.67125054,"overweight"
"Deron Johnson","R",74,200,0.244,245,25.67567568,0.33,26.01,1004.098361,2.389166084,1.522280271,"overweight"
"Greg Luzinski","R",73,220,0.276,307,29.02233064,-0.27,28.75,1112.318841,2.487138375,1.781177498,"overweight"
"Tony Horton","R",75,210,0.268,76,26.24533333,0.19,26.44,283.5820896,1.880813592,1.566348986,"overweight"
"Bob Johnson","R",70,175,0.272,44,25.10714286,0.2,25.31,161.7647059,1.643452676,1.478298572,"overweight"
"Don Buford","B",67,160,0.264,93,25.05680552,-0.4,24.66,352.2727273,1.968482949,1.474404475,"overweight"
"Brant Alyea","R",75,215,0.247,38,26.87022222,0.02,26.89,153.8461538,1.579783597,1.614690391,"overweight"
"Jerry Narron","L",75,205,0.211,21,25.62044444,0.43,26.05,99.52606635,1.322219295,1.518007582,"overweight"
"Ken Retzer","L",72,185,0.264,14,25.08777006,-0.23,24.86,53.03030303,1.146128036,1.476799892,"overweight"
"Mike Brown","R",74,195,0.265,23,25.03378378,0.26,25.29,86.79245283,1.361727836,1.472623513,"overweight"
"Greg Walker","L",75,205,0.26,113,25.62044444,0.28,25.9,434.6153846,2.053078443,1.518007582,"overweight"
"Tom Seaver","R",73,195,0.154,12,25.72433853,0.27,25.99,77.92207792,1.079181246,1.526044829,"overweight"
"Jerry Martin","R",73,195,0.251,85,25.72433853,-0.44,25.28,338.6454183,1.929418926,1.526044829,"overweight"
"Reggie Jackson","L",72,195,0.262,563,26.44386574,-0.25,26.19,2148.854962,2.750508395,1.581707454,"overweight"
"Rich Coggins","L",68,170,0.265,12,25.84558824,-0.08,25.77,45.28301887,1.079181246,1.535424706,"overweight"
"Mitchell Page","L",74,205,0.266,72,26.31756757,-0.36,25.96,270.6766917,1.857332496,1.571937027,"overweight"
"Kiko Garcia","R",71,180,0.239,12,25.10216227,0.22,25.32,50.20920502,1.079181246,1.477913273,"overweight"
"Bill Sudakis","B",73,190,0.234,59,25.0647401,-0.2,24.86,252.1367521,1.770852012,1.475018294,"overweight"
"Joe Morgan","L",67,160,0.271,268,25.05680552,-0.47,24.59,988.9298893,2.428134794,1.474404475,"overweight"
"R.J. Reynolds","B",72,190,0.267,35,25.7658179,-0.1,25.67,131.0861423,1.544068044,1.529253673,"overweight"
"Lee Thomas","L",74,195,0.255,106,25.03378378,0.34,25.38,415.6862745,2.025305865,1.472623513,"overweight"
"Ray Fosse","R",74,215,0.256,61,27.60135135,-0.32,27.29,238.28125,1.785329835,1.67125054,"overweight"
"John Stephenson","L",71,180,0.216,12,25.10216227,0.34,25.44,55.55555556,1.079181246,1.477913273,"overweight"
"Bob Uecker","R",73,190,0.2,14,25.0647401,0.22,25.29,70,1.146128036,1.475018294,"overweight"
"Steve Braun","L",70,180,0.271,52,25.8244898,0.11,25.94,191.8819188,1.716003344,1.533792531,"overweight"
"John Boccabella","R",73,195,0.219,26,25.72433853,-0.1,25.62,118.7214612,1.414973348,1.526044829,"overweight"
"Curt Blefary","L",74,195,0.237,112,25.03378378,0.27,25.3,472.5738397,2.049218023,1.472623513,"overweight"
"Gary Ward","R",74,195,0.276,130,25.03378378,0.04,25.08,471.0144928,2.113943352,1.472623513,"overweight"
"Dan Meyer","L",71,180,0.253,86,25.10216227,0.13,25.23,339.9209486,1.934498451,1.477913273,"overweight"
"Keith Moreland","R",72,190,0.279,121,25.7658179,-0.31,25.46,433.6917563,2.08278537,1.529253673,"overweight"
"Alex Johnson","R",72,205,0.288,78,27.79996142,0.23,28.03,270.8333333,1.892094603,1.686615015,"overweight"
"Ray Sadecki","L",71,180,0.191,5,25.10216227,-0.04,25.06,26.17801047,0.698970004,1.477913273,"overweight"
"Wayne Nordhagen","R",74,205,0.282,39,26.31756757,-0.06,26.26,138.2978723,1.591064607,1.571937027,"overweight"
"Biff Pocoroba","B",70,175,0.257,21,25.10714286,0.31,25.41,81.71206226,1.322219295,1.478298572,"overweight"
"Chet Lemon","R",72,190,0.273,215,25.7658179,-0.42,25.34,787.5457875,2.33243846,1.529253673,"overweight"
"Cleon Jones","R",72,185,0.281,93,25.08777006,-0.37,24.72,330.9608541,1.968482949,1.476799892,"overweight"
"Johnny Bench","R",73,197,0.267,389,25.98817789,0.27,26.26,1456.928839,2.589949601,1.546455442,"overweight"
"George Wright","B",71,180,0.245,42,25.10216227,0.22,25.32,171.4285714,1.62324929,1.477913273,"overweight"
"Luis Aguayo","R",69,173,0.236,37,25.54484352,-0.41,25.13,156.779661,1.568201724,1.512159095,"overweight"
"Jim Traber","L",72,194,0.227,27,26.30825617,0.08,26.39,118.9427313,1.431363764,1.571216697,"overweight"
"Lynn Jones","R",69,175,0.252,7,25.84015963,-0.01,25.83,27.77777778,0.84509804,1.535004749,"overweight"
"Ken Suarez","R",69,175,0.227,5,25.84015963,0.15,25.99,22.02643172,0.698970004,1.535004749,"overweight"
"Rick Peters","B",69,170,0.277,2,25.10186936,-0.41,24.69,7.220216606,0.301029996,1.477890614,"overweight"
"Tommie Agee","R",71,195,0.255,130,27.19400913,0.26,27.46,509.8039216,2.113943352,1.639738546,"overweight"
"Cap Peterson","R",74,195,0.23,19,25.03378378,-0.06,24.98,82.60869565,1.278753601,1.472623513,"overweight"
"Ted Simmons","B",71,193,0.285,248,26.91509621,0.11,27.03,870.1754386,2.394451681,1.618161843,"overweight"
"Bill Nahorodny","R",74,200,0.241,25,25.67567568,0.27,25.95,103.7344398,1.397940009,1.522280271,"overweight"
"Bill Madlock","R",71,180,0.305,163,25.10216227,0.31,25.41,534.4262295,2.212187604,1.477913273,"overweight"
"Bob Boone","R",74,195,0.254,105,25.03378378,-0.31,24.72,413.3858268,2.021189299,1.472623513,"overweight"
"Steve Kemp","L",72,195,0.278,130,26.44386574,0.44,26.88,467.6258993,2.113943352,1.581707454,"overweight"
"Carl Taylor","R",74,200,0.266,10,25.67567568,-0.31,25.36,37.59398496,1,1.522280271,"overweight"
"Mike Hargrove","L",72,195,0.29,80,26.44386574,-0.39,26.05,275.862069,1.903089987,1.581707454,"overweight"
"Steve Hovley","L",70,188,0.258,8,26.9722449,0.4,27.37,31.00775194,0.903089987,1.622582865,"overweight"
"Don Leppert","R",74,220,0.229,15,28.24324324,-0.42,27.82,65.50218341,1.176091259,1.720907297,"overweight"
"Rick Renick","R",72,188,0.221,20,25.49459877,-0.36,25.13,90.49773756,1.301029996,1.508272161,"overweight"
"Jeff Torborg","R",72,195,0.214,8,26.44386574,0.18,26.63,37.38317757,0.903089987,1.581707454,"overweight"
"Jerry Turner","L",69,180,0.257,45,26.57844991,-0.43,26.15,175.0972763,1.653212514,1.592118885,"overweight"
"Don Wilson","R",74,195,0.146,1,25.03378378,-0.41,24.63,6.849315068,0,1.472623513,"overweight"
"Sandy Valdespino","L",68,170,0.23,7,25.84558824,-0.31,25.53,30.43478261,0.84509804,1.535424706,"overweight"
"Ken Phelps","L",73,209,0.239,123,27.57121411,-0.21,27.36,514.6443515,2.089905111,1.668919124,"overweight"
"Steve Renko","R",77,230,0.215,6,27.27104065,-0.03,27.25,27.90697674,0.77815125,1.645697705,"overweight"
"Rick Sofield","L",73,195,0.243,9,25.72433853,0.46,26.18,37.03703704,0.954242509,1.526044829,"overweight"
"Dave May","L",70,186,0.251,96,26.68530612,-0.5,26.19,382.4701195,1.982271233,1.600385281,"overweight"
"Willie Aikens","L",75,220,0.271,110,27.49511111,0.2,27.7,405.904059,2.041392685,1.663031795,"overweight"
"Earl Williams","R",75,215,0.247,138,26.87022222,-0.06,26.81,558.7044534,2.139879086,1.614690391,"overweight"
"Tom Egan","R",76,218,0.2,22,26.53289474,-0.45,26.08,110,1.342422681,1.588594737,"overweight"
"Joe Wallis","B",71,180,0.244,16,25.10216227,0.31,25.41,65.57377049,1.204119983,1.477913273,"overweight"
"Max Alvis","R",71,185,0.247,111,25.79944455,-0.17,25.63,449.3927126,2.045322979,1.53185503,"overweight"
"Roy Howell","L",73,190,0.261,80,25.0647401,-0.04,25.03,306.51341,1.903089987,1.475018294,"overweight"
"Boog Powell","L",76,230,0.266,339,27.99342105,-0.34,27.65,1274.43609,2.530199698,1.701581052,"overweight"
"Dan Driessen","L",71,187,0.267,153,26.07835747,0.05,26.12,573.0337079,2.184691431,1.553431734,"overweight"
"Tony Armas","R",71,182,0.252,251,25.38107518,-0.37,25.01,996.031746,2.399673721,1.499489976,"overweight"
"Willie Horton","R",71,209,0.273,325,29.14639952,0.18,29.32,1190.47619,2.511883361,1.790775467,"overweight"
"Butch Hobson","R",73,193,0.248,98,25.46049916,0.2,25.66,395.1612903,1.991226076,1.505634215,"overweight"
"John Wathan","R",74,205,0.262,21,26.31756757,-0.44,25.88,80.15267176,1.322219295,1.571937027,"overweight"
"Hal King","L",73,200,0.214,24,26.38393695,0.12,26.5,112.1495327,1.380211242,1.577071362,"overweight"
"Barry Foote","R",75,205,0.23,57,25.62044444,-0.49,25.13,247.826087,1.755874856,1.518007582,"overweight"
"Ed Ott","L",70,190,0.259,33,27.25918367,0.2,27.46,127.4131274,1.51851394,1.644780449,"overweight"
"Ron Clark","R",70,175,0.189,5,25.10714286,0.08,25.19,26.45502646,0.698970004,1.478298572,"overweight"
"Gary Alexander","R",74,195,0.23,55,25.03378378,-0.08,24.95,239.1304348,1.740362689,1.472623513,"overweight"
"Bob Oliver","R",75,205,0.256,94,25.62044444,-0.02,25.6,367.1875,1.973127854,1.518007582,"overweight"
"Bob Robertson","R",73,195,0.242,115,25.72433853,0.15,25.88,475.2066116,2.06069784,1.526044829,"overweight"
"Steve Barber","L",72,195,0.115,5,26.44386574,0.38,26.83,43.47826087,0.698970004,1.581707454,"overweight"
"Norm Miller","L",70,185,0.238,24,26.54183673,-0.36,26.18,100.8403361,1.380211242,1.589286489,"overweight"
"Bob Chance","L",74,196,0.261,24,25.16216216,-0.02,25.15,91.95402299,1.380211242,1.482554865,"overweight"
"Bill Sample","R",69,175,0.272,46,25.84015963,-0.45,25.39,169.1176471,1.662757832,1.535004749,"overweight"
"Craig Kusick","R",75,210,0.235,46,26.24533333,0.3,26.54,195.7446809,1.662757832,1.566348986,"overweight"
"Russ Gibson","R",73,195,0.228,8,25.72433853,0.25,25.97,35.0877193,0.903089987,1.526044829,"overweight"
"Terry Francona","L",73,190,0.274,16,25.0647401,0.12,25.19,58.39416058,1.204119983,1.475018294,"overweight"
"John Bateman","R",75,210,0.23,81,26.24533333,0.35,26.59,352.173913,1.908485019,1.566348986,"overweight"
"Joe Gaines","R",73,190,0.241,21,25.0647401,-0.24,24.83,87.13692946,1.322219295,1.475018294,"overweight"
"Doug Rader","R",74,208,0.251,155,26.7027027,-0.36,26.34,617.5298805,2.190331698,1.601731081,"overweight"
"Phil Bradley","R",72,185,0.286,78,25.08777006,-0.25,24.83,272.7272727,1.892094603,1.476799892,"overweight"
"Charlie Moore","R",71,180,0.261,36,25.10216227,-0.32,24.78,137.9310345,1.556302501,1.477913273,"overweight"
"Ralph Garr","L",71,185,0.306,75,25.79944455,0.14,25.94,245.0980392,1.875061263,1.53185503,"overweight"
"John Ellis","R",74,225,0.262,69,28.88513514,0.02,28.9,263.3587786,1.838849091,1.770564054,"overweight"
"Rick Reichardt","R",75,210,0.261,116,26.24533333,-0.45,25.79,444.4444444,2.064457989,1.566348986,"overweight"
"Broderick Perkins","L",70,180,0.271,8,25.8244898,-0.34,25.48,29.5202952,0.903089987,1.533792531,"overweight"
"Len Gabrielson","L",76,210,0.253,37,25.55921053,0.42,25.98,146.2450593,1.568201724,1.513270527,"overweight"
"Johnny Edwards","L",76,220,0.242,81,26.77631579,-0.38,26.39,334.7107438,1.908485019,1.60742579,"overweight"
"Bill Schroeder","R",74,200,0.24,61,25.67567568,0.23,25.91,254.1666667,1.785329835,1.522280271,"overweight"
"Clay Dalrymple","L",72,190,0.233,55,25.7658179,-0.19,25.58,236.0515021,1.740362689,1.529253673,"overweight"
"Carlos May","L",71,200,0.274,90,27.89129141,0.07,27.96,328.4671533,1.954242509,1.693680303,"overweight"
"Mike Brumley","L",70,195,0.229,5,27.97653061,0.15,28.13,21.83406114,0.698970004,1.700274408,"overweight"
"Al Luplow","L",70,175,0.235,33,25.10714286,-0.03,25.08,140.4255319,1.51851394,1.478298572,"overweight"
"Dick Allen","R",71,187,0.292,351,26.07835747,0.2,26.28,1202.054795,2.545307116,1.553431734,"overweight"
"Steve Carlton","L",76,210,0.201,13,25.55921053,0.36,25.92,64.67661692,1.113943352,1.513270527,"overweight"
"Bob Brower","R",71,185,0.242,17,25.79944455,0.02,25.82,70.24793388,1.230448921,1.53185503,"overweight"
"Ray Culp","R",72,200,0.123,1,27.12191358,-0.02,27.1,8.130081301,0,1.634161235,"overweight"
"Ivan Murrell","R",74,195,0.236,33,25.03378378,0.33,25.37,139.8305085,1.51851394,1.472623513,"overweight"
"Bob Brenly","R",74,210,0.247,91,26.95945946,0.26,27.21,368.4210526,1.959041392,1.621593784,"overweight"
"Ron Blomberg","L",73,195,0.293,52,25.72433853,0.06,25.79,177.4744027,1.716003344,1.526044829,"overweight"
"Jim Rooker","R",72,195,0.201,7,26.44386574,-0.38,26.06,34.82587065,0.84509804,1.581707454,"overweight"
"Davey Lopes","R",69,170,0.263,155,25.10186936,-0.1,25,589.3536122,2.190331698,1.477890614,"overweight"
"Catfish Hunter","R",72,190,0.226,6,25.7658179,-0.24,25.52,26.54867257,0.77815125,1.529253673,"overweight"
"Hank Allen","R",72,190,0.241,6,25.7658179,0.38,26.15,24.89626556,0.77815125,1.529253673,"overweight"
"Jim Fregosi","R",73,190,0.265,151,25.0647401,0.26,25.33,569.8113208,2.178976947,1.475018294,"overweight"
"Mike Schmidt","R",74,195,0.267,548,25.03378378,-0.34,24.7,2052.434457,2.738780558,1.472623513,"overweight"
"Mike Squires","L",71,185,0.26,6,25.79944455,-0.05,25.75,23.07692308,0.77815125,1.53185503,"overweight"
"Champ Summers","L",74,205,0.255,54,26.31756757,-0.23,26.09,211.7647059,1.73239376,1.571937027,"overweight"
"Bobby Valentine","R",70,189,0.26,12,27.11571429,-0.21,26.91,46.15384615,1.079181246,1.633681657,"overweight"
"Rob Andrews","R",72,185,0.251,3,25.08777006,0.08,25.16,11.95219124,0.477121255,1.476799892,"overweight"
"Ed Stroud","L",71,180,0.237,14,25.10216227,0.43,25.53,59.07172996,1.146128036,1.477913273,"overweight"
"Ron Swoboda","R",74,195,0.242,73,25.03378378,-0.03,25,301.6528926,1.86332286,1.472623513,"overweight"
"Joe Torre","R",74,212,0.297,252,27.21621622,-0.15,27.06,848.4848485,2.401400541,1.641456487,"overweight"
"Al Ferrara","R",73,200,0.259,51,26.38393695,0.12,26.5,196.9111969,1.707570176,1.577071362,"overweight"
"Dave Nicholson","R",74,215,0.212,61,27.60135135,-0.45,27.15,287.7358491,1.785329835,1.67125054,"overweight"
"Leron Lee","L",72,196,0.25,31,26.57947531,0.39,26.97,124,1.491361694,1.59219821,"overweight"
"Steve Ontiveros","B",72,185,0.274,24,25.08777006,0.35,25.44,87.59124088,1.380211242,1.476799892,"overweight"
"Jerry Moses","R",75,210,0.251,25,26.24533333,-0.11,26.13,99.60159363,1.397940009,1.566348986,"overweight"
"Bobby Bonds","R",73,190,0.268,332,25.0647401,0.27,25.34,1238.80597,2.521138084,1.475018294,"overweight"
"Dave McNally","R",71,185,0.133,9,25.79944455,-0.28,25.52,67.66917293,0.954242509,1.53185503,"overweight"
"Roy Foster","R",72,185,0.253,45,25.08777006,-0.46,24.63,177.8656126,1.653212514,1.476799892,"overweight"
"Denis Menke","R",72,185,0.25,101,25.08777006,0.06,25.14,404,2.004321374,1.476799892,"overweight"
"Hal Breeden","R",74,200,0.243,21,25.67567568,0.28,25.96,86.41975309,1.322219295,1.522280271,"overweight"
"Mike Anderson","R",74,200,0.246,28,25.67567568,-0.21,25.47,113.8211382,1.447158031,1.522280271,"overweight"
"Joe Charboneau","R",74,205,0.266,29,26.31756757,0.37,26.69,109.0225564,1.462397998,1.571937027,"overweight"
"Jimmie Schaffer","R",69,170,0.223,11,25.10186936,0.25,25.35,49.32735426,1.041392685,1.477890614,"overweight"
"Mark Brouhard","R",73,210,0.259,25,27.7031338,0.45,28.15,96.52509653,1.397940009,1.679124431,"overweight"
"Mike Young","B",74,195,0.247,72,25.03378378,-0.24,24.79,291.4979757,1.857332496,1.472623513,"overweight"
"Joe Rudi","R",74,200,0.264,179,25.67567568,0.41,26.08,678.030303,2.252853031,1.522280271,"overweight"
"Jim Rice","R",74,200,0.298,382,25.67567568,0.21,25.89,1281.879195,2.582063363,1.522280271,"overweight"
"Ed Kirkpatrick","L",71,195,0.238,85,27.19400913,-0.45,26.75,357.1428571,1.929418926,1.639738546,"overweight"
"Jerry Grote","R",70,185,0.252,39,26.54183673,-0.19,26.35,154.7619048,1.591064607,1.589286489,"overweight"
"Ron Brand","R",67,167,0.239,3,26.15304077,0.21,26.36,12.55230126,0.477121255,1.559209234,"overweight"
"Ron Cey","R",70,185,0.261,316,26.54183673,-0.02,26.53,1210.727969,2.499687083,1.589286489,"overweight"
"Skip Jutze","R",71,190,0.215,3,26.49672684,-0.06,26.43,13.95348837,0.477121255,1.585796788,"overweight"
"Butch Wynegar","B",73,190,0.255,65,25.0647401,-0.23,24.84,254.9019608,1.812913357,1.475018294,"overweight"
"Ron LeFlore","R",72,200,0.288,59,27.12191358,0.3,27.42,204.8611111,1.770852012,1.634161235,"overweight"
"Gene Tenace","R",72,190,0.241,201,25.7658179,-0.09,25.68,834.0248963,2.303196057,1.529253673,"overweight"
"Bubba Morton","R",70,175,0.267,14,25.10714286,0.47,25.57,52.43445693,1.146128036,1.478298572,"overweight"
"Ellie Rodriguez","R",71,185,0.245,16,25.79944455,-0.48,25.32,65.30612245,1.204119983,1.53185503,"overweight"
"Dick Nen","L",74,200,0.224,21,25.67567568,-0.46,25.22,93.75,1.322219295,1.522280271,"overweight"
"Bill Freehan","R",75,203,0.262,200,25.37048889,-0.28,25.09,763.3587786,2.301029996,1.498671021,"overweight"
"Steve Nicosia","R",70,185,0.248,11,26.54183673,-0.09,26.45,44.35483871,1.041392685,1.589286489,"overweight"
"Mike Epstein","L",75,230,0.244,130,28.74488889,0.13,28.88,532.7868852,2.113943352,1.759714605,"overweight"
"Glenn Beckert","R",73,190,0.283,22,25.0647401,0.3,25.36,77.7385159,1.342422681,1.475018294,"overweight"
"Mike Jorgensen","L",72,195,0.243,95,26.44386574,0.18,26.62,390.9465021,1.977723605,1.581707454,"overweight"
"Rick Joseph","R",73,192,0.243,13,25.32857947,0.3,25.62,53.49794239,1.113943352,1.495428908,"overweight"
"Joe Ferguson","R",74,200,0.24,122,25.67567568,-0.45,25.23,508.3333333,2.086359831,1.522280271,"overweight"
"Dave Revering","L",76,210,0.265,62,25.55921053,0.15,25.71,233.9622642,1.792391689,1.513270527,"overweight"
"Jesse Gonder","L",70,180,0.251,26,25.8244898,-0.29,25.53,103.5856574,1.414973348,1.533792531,"overweight"
"Gary Sutherland","R",72,185,0.243,24,25.08777006,0.01,25.1,98.7654321,1.380211242,1.476799892,"overweight"
"Bob Coluccio","R",71,183,0.22,26,25.52053164,-0.12,25.4,118.1818182,1.414973348,1.510278328,"overweight"
"Bill Sharp","L",70,178,0.255,9,25.53755102,0.24,25.77,35.29411765,0.954242509,1.511594947,"overweight"
"Bob Watson","R",72,201,0.295,184,27.25752315,-0.27,26.99,623.7288136,2.264817823,1.644651991,"overweight"
"John Kennedy","R",72,185,0.225,32,25.08777006,-0.15,24.94,142.2222222,1.505149978,1.476799892,"overweight"
"Gail Hopkins","L",70,198,0.266,25,28.40693878,0.11,28.52,93.98496241,1.397940009,1.733570784,"overweight"
"Bill Plummer","R",73,190,0.188,14,25.0647401,0.11,25.17,74.46808511,1.146128036,1.475018294,"overweight"
"Tom Poquette","L",70,175,0.268,10,25.10714286,0.23,25.33,37.31343284,1,1.478298572,"overweight"
"Floyd Rayford","R",70,190,0.244,38,27.25918367,0.07,27.33,155.7377049,1.579783597,1.644780449,"overweight"
"Jim Barr","R",75,205,0.162,1,25.62044444,-0.12,25.51,6.172839506,0,1.518007582,"overweight"
"Phil Garner","R",70,175,0.26,109,25.10714286,-0.07,25.04,419.2307692,2.037426498,1.478298572,"overweight"
