name,handedness,height,weight,avg,HR,BMI,power,log10HR,lm
Denny Lemaster,R,73,182,0.13,4,24.00938262,30.76923077,0.602059991,1.393375839
Joe Nolan,L,71,175,0.263,27,24.40487998,102.661597,1.431363764,1.423971515
Denny Doyle,L,69,175,0.25,16,25.84015963,64,1.204119983,1.535004749
Jose Cardenal,R,70,150,0.275,138,21.52040816,501.8181818,2.139879086,1.200828775
Mike Ryan,R,74,205,0.193,28,26.31756757,145.0777202,1.447158031,1.571937027
Fritz Peterson,B,72,185,0.159,2,25.08777006,12.57861635,0.301029996,1.476799892
Dick Bertell,R,72,200,0.25,10,27.12191358,40,1,1.634161235
Rod Kanehl,R,73,180,0.241,6,23.74554325,24.89626556,0.77815125,1.372965226
Juan Bonilla,R,69,170,0.256,7,25.10186936,27.34375,0.84509804,1.477890614
Frank Tepedino,L,71,185,0.241,6,25.79944455,24.89626556,0.77815125,1.53185503
Rick Wise,R,73,180,0.195,15,23.74554325,76.92307692,1.176091259,1.372965226
Darrell Evans,L,74,200,0.248,414,25.67567568,1669.354839,2.617000341,1.522280271
Buck Martinez,R,70,190,0.225,58,27.25918367,257.7777778,1.763427994,1.644780449
John Wockenfuss,R,72,190,0.262,86,25.7658179,328.2442748,1.934498451,1.529253673
Tommy McCraw,L,72,183,0.246,75,24.81655093,304.8780488,1.875061263,1.45581838
Lee Lacy,R,73,175,0.286,91,23.08594483,318.1818182,1.959041392,1.321938692
Pete Rose,B,71,192,0.303,160,26.77563975,528.0528053,2.204119983,1.607373491
Danny Walton,R,72,195,0.223,28,26.44386574,125.5605381,1.447158031,1.581707454
Bobby Cox,R,71,180,0.225,9,25.10216227,40,0.954242509,1.477913273
Brad Wellman,R,72,170,0.231,6,23.05362654,25.97402597,0.77815125,1.319438549
Jeff Newman,R,74,215,0.224,63,27.60135135,281.25,1.799340549,1.67125054
Pedro Gonzalez,R,72,176,0.244,8,23.86728395,32.78688525,0.903089987,1.382383086
Tommie Reynolds,R,74,190,0.226,12,24.39189189,53.09734513,1.079181246,1.422966757
Gene Clines,R,69,170,0.277,5,25.10186936,18.05054152,0.698970004,1.477890614
Jim Hickman,R,75,192,0.252,159,23.99573333,630.952381,2.201397124,1.39231993
Jerry Buchek,R,71,185,0.22,22,25.79944455,100,1.342422681,1.53185503
Ivan DeJesus,R,71,175,0.254,21,24.40487998,82.67716535,1.322219295,1.423971515
Gary Nolan,R,74,197,0.138,1,25.29054054,7.246376812,0,1.492486216
Fred Whitfield,L,73,190,0.253,108,25.0647401,426.8774704,2.033423755,1.475018294
Larry Dierker,R,76,215,0.136,4,26.16776316,29.41176471,0.602059991,1.560348158
Dave Skaggs,R,74,200,0.241,3,25.67567568,12.44813278,0.477121255,1.522280271
Dick Ruthven,R,75,190,0.183,1,23.74577778,5.464480874,0,1.372983369
Dave Kingman,R,78,210,0.236,442,24.265286,1872.881356,2.645422269,1.413172525
Eric Soderholm,R,71,187,0.264,102,26.07835747,386.3636364,2.008600172,1.553431734
Ed Brinkman,R,72,170,0.224,60,23.05362654,267.8571429,1.77815125,1.319438549
Wayne Garrett,L,71,175,0.239,61,24.40487998,255.2301255,1.785329835,1.423971515
Tony Muser,L,74,180,0.259,7,23.10810811,27.02702703,0.84509804,1.323653243
Ted Ford,R,70,180,0.219,17,25.8244898,77.62557078,1.230448921,1.533792531
Jim Lyttle,L,72,180,0.248,9,24.40972222,36.29032258,0.954242509,1.424346111
Scot Thompson,L,75,195,0.262,5,24.37066667,19.08396947,0.698970004,1.421324774
Gene Locklear,L,70,165,0.274,9,23.67244898,32.84671533,0.954242509,1.367310653
Bo Diaz,R,71,185,0.255,87,25.79944455,341.1764706,1.939519253,1.53185503
Bump Wills,B,69,172,0.266,36,25.39718547,135.3383459,1.556302501,1.500736268
Pat Putnam,L,72,205,0.255,63,27.79996142,247.0588235,1.799340549,1.686615015
Kurt Bevacqua,R,72,180,0.236,27,24.40972222,114.4067797,1.431363764,1.424346111
Syd O'Brien,R,73,185,0.23,24,24.40514168,104.3478261,1.380211242,1.42399176
Chris Chambliss,L,73,195,0.279,185,25.72433853,663.0824373,2.267171728,1.526044829
Tom Satriano,L,73,185,0.225,21,24.40514168,93.33333333,1.322219295,1.42399176
Jeffrey Leonard,R,74,200,0.266,144,25.67567568,541.3533835,2.158362492,1.522280271
Dal Maxvill,R,71,157,0.217,6,21.89466376,27.64976959,0.77815125,1.229781188
Cesar Tovar,R,69,155,0.278,46,22.88699853,165.4676259,1.662757832,1.306548206
Jack Heidemann,R,72,175,0.211,9,23.73167438,42.65402844,0.954242509,1.37189233
Rich Rollins,R,70,185,0.269,77,26.54183673,286.2453532,1.886490725,1.589286489
Walt Bond,L,79,228,0.256,41,25.68242269,160.15625,1.612783857,1.522802219
Merv Rettenmund,R,70,190,0.271,66,27.25918367,243.5424354,1.819543936,1.644780449
Byron Browne,R,74,190,0.236,30,24.39189189,127.1186441,1.477121255,1.422966757
Hector Torres,R,72,175,0.216,18,23.73167438,83.33333333,1.255272505,1.37189233
Walt Williams,R,66,165,0.27,33,26.62878788,122.2222222,1.51851394,1.59601303
Jerry Koosman,R,74,205,0.119,2,26.31756757,16.80672269,0.301029996,1.571937027
Steve Lombardozzi,R,72,175,0.233,20,23.73167438,85.83690987,1.301029996,1.37189233
Joe Azcue,R,72,190,0.252,50,25.7658179,198.4126984,1.698970004,1.529253673
Elliott Maddox,R,71,180,0.261,18,25.10216227,68.96551724,1.255272505,1.477913273
Omar Moreno,L,74,180,0.252,37,23.10810811,146.8253968,1.568201724,1.323653243
Julian Javier,R,73,175,0.257,78,23.08594483,303.5019455,1.892094603,1.321938692
Elio Chacon,R,69,160,0.232,4,23.6252888,17.24137931,0.602059991,1.363662342
Rusty Torres,B,70,175,0.212,35,25.10714286,165.0943396,1.544068044,1.478298572
John Stearns,R,72,185,0.26,46,25.08777006,176.9230769,1.662757832,1.476799892
Larry Brown,R,70,160,0.233,47,22.95510204,201.7167382,1.672097858,1.311816694
Tommy Dean,R,72,165,0.18,4,22.3755787,22.22222222,0.602059991,1.266984768
Bruce Boisclair,L,74,185,0.263,10,23.75,38.02281369,1,1.37331
Ken Singleton,B,76,210,0.282,246,25.55921053,872.3404255,2.390935107,1.513270527
Frank White,R,71,165,0.255,160,23.01031541,627.4509804,2.204119983,1.316088
Jim Fairey,L,70,190,0.235,7,27.25918367,29.78723404,0.84509804,1.644780449
Tom Brookens,R,70,165,0.246,71,23.67244898,288.6178862,1.851258349,1.367310653
Gary Thomasson,L,73,180,0.249,61,23.74554325,244.9799197,1.785329835,1.372965226
Otto Velez,R,72,170,0.251,78,23.05362654,310.7569721,1.892094603,1.319438549
Tony Scott,B,72,164,0.249,17,22.23996914,68.27309237,1.230448921,1.256494013
Ray Oyler,R,71,165,0.175,15,23.01031541,85.71428571,1.176091259,1.316088
Floyd Robinson,L,69,175,0.283,67,25.84015963,236.7491166,1.826074803,1.535004749
Steve Jeltz,B,71,180,0.21,5,25.10216227,23.80952381,0.698970004,1.477913273
Lou Brock,L,71,170,0.293,149,23.7075977,508.5324232,2.173186268,1.370029758
Joe Lovitto,B,72,185,0.216,4,25.08777006,18.51851852,0.602059991,1.476799892
Wayne Comer,R,70,175,0.229,16,25.10714286,69.86899563,1.204119983,1.478298572
Dave Collins,B,71,175,0.272,32,24.40487998,117.6470588,1.505149978,1.423971515
Ed Spiezio,R,71,180,0.238,39,25.10216227,163.8655462,1.591064607,1.477913273
Rico Petrocelli,R,72,175,0.251,210,23.73167438,836.6533865,2.322219295,1.37189233
Johnny Lewis,L,73,189,0.227,22,24.93282042,96.91629956,1.342422681,1.464812988
Dick Simpson,R,76,176,0.207,15,21.42105263,72.46376812,1.176091259,1.193142631
Ken Boswell,L,72,170,0.248,31,23.05362654,125,1.491361694,1.319438549
Ken McMullen,R,75,190,0.248,156,23.74577778,629.0322581,2.193124598,1.372983369
Steve Swisher,R,74,205,0.216,20,26.31756757,92.59259259,1.301029996,1.571937027
Dick Howser,R,68,155,0.248,16,23.56509516,64.51612903,1.204119983,1.359005762
Manny Castillo,B,69,160,0.242,3,23.6252888,12.39669421,0.477121255,1.363662342
Mike Ramsey,B,73,170,0.24,2,22.42634641,8.333333333,0.301029996,1.270912158
Willie Crawford,L,73,197,0.268,86,25.98817789,320.8955224,1.934498451,1.546455442
Willie Norwood,R,72,185,0.242,18,25.08777006,74.38016529,1.255272505,1.476799892
Jeff Stone,L,72,175,0.277,11,23.73167438,39.71119134,1.041392685,1.37189233
Joe Lahoud,L,73,198,0.223,65,26.12009758,291.4798206,1.812913357,1.556660749
Tim Flannery,L,71,175,0.255,9,24.40487998,35.29411765,0.954242509,1.423971515
Dave McKay,B,73,195,0.229,21,25.72433853,91.70305677,1.322219295,1.526044829
Benny Ayala,R,73,185,0.251,38,24.40514168,151.3944223,1.579783597,1.42399176
Greg Gross,L,70,160,0.287,7,22.95510204,24.3902439,0.84509804,1.311816694
Sal Butera,R,72,190,0.227,8,25.7658179,35.24229075,0.903089987,1.529253673
Jack Brohamer,L,70,165,0.245,30,23.67244898,122.4489796,1.477121255,1.367310653
Von Joshua,L,70,170,0.273,30,24.38979592,109.8901099,1.477121255,1.422804612
Eddie Milner,L,71,173,0.253,42,24.12596707,166.0079051,1.62324929,1.402394813
Johnny Jeter,R,73,180,0.244,18,23.74554325,73.7704918,1.255272505,1.372965226
Angel Salazar,R,72,180,0.212,2,24.40972222,9.433962264,0.301029996,1.424346111
Tony Oliva,L,73,175,0.304,220,23.08594483,723.6842105,2.342422681,1.321938692
Cito Gaston,R,75,190,0.256,91,23.74577778,355.46875,1.959041392,1.372983369
Cookie Rojas,R,70,160,0.263,54,22.95510204,205.3231939,1.73239376,1.311816694
Rich Morales,R,71,170,0.195,6,23.7075977,30.76923077,0.77815125,1.370029758
Dan Ford,R,73,185,0.27,121,24.40514168,448.1481481,2.08278537,1.42399176
Darryl Motley,R,69,196,0.243,44,28.94097879,181.0699588,1.643452676,1.774884119
Ozzie Virgil,R,73,180,0.243,98,23.74554325,403.2921811,1.991226076,1.372965226
Johnny Oates,L,71,188,0.25,14,26.21781393,56,1.146128036,1.564220086
Mike Phillips,L,72,170,0.24,11,23.05362654,45.83333333,1.041392685,1.319438549
Ron Santo,R,72,190,0.277,342,25.7658179,1234.65704,2.534026106,1.529253673
Jay Johnstone,L,73,175,0.267,102,23.08594483,382.0224719,2.008600172,1.321938692
Jim Ray Hart,R,71,185,0.278,170,25.79944455,611.5107914,2.230448921,1.53185503
Marc Hill,R,75,205,0.223,34,25.62044444,152.4663677,1.531478917,1.518007582
Chico Salmon,R,70,160,0.249,31,22.95510204,124.497992,1.491361694,1.311816694
Joe Niekro,R,73,185,0.156,1,24.40514168,6.41025641,0,1.42399176
Andy Etchebarren,R,73,190,0.235,49,25.0647401,208.5106383,1.69019608,1.475018294
Ken Berry,R,72,175,0.255,58,23.73167438,227.4509804,1.763427994,1.37189233
Dave Concepcion,R,74,155,0.267,101,19.89864865,378.2771536,2.004321374,1.07536946
Junior Moore,R,71,185,0.264,7,25.79944455,26.51515152,0.84509804,1.53185503
Mike Richardt,R,72,170,0.226,4,23.05362654,17.69911504,0.602059991,1.319438549
Chris Brown,R,72,185,0.269,38,25.08777006,141.2639405,1.579783597,1.476799892
Al Bumbry,L,68,170,0.281,54,25.84558824,192.1708185,1.73239376,1.535424706
Al Downing,R,71,175,0.127,2,24.40487998,15.7480315,0.301029996,1.423971515
Jake Gibbs,L,72,180,0.233,25,24.40972222,107.2961373,1.397940009,1.424346111
Garry Hancock,L,72,175,0.247,12,23.73167438,48.58299595,1.079181246,1.37189233
Ed Kranepool,L,75,205,0.261,118,25.62044444,452.1072797,2.071882007,1.518007582
Rick Rhoden,R,75,195,0.238,9,24.37066667,37.81512605,0.954242509,1.421324774
Denny McLain,R,73,185,0.133,1,24.40514168,7.518796992,0,1.42399176
Chuck Hiller,L,71,170,0.243,20,23.7075977,82.30452675,1.301029996,1.370029758
Jorge Orta,L,70,170,0.278,130,24.38979592,467.6258993,2.113943352,1.422804612
Dave Cash,R,71,170,0.283,21,23.7075977,74.204947,1.322219295,1.370029758
Bucky Dent,R,69,170,0.247,40,25.10186936,161.9433198,1.602059991,1.477890614
Tony Gonzalez,L,69,170,0.286,103,25.10186936,360.1398601,2.012837225,1.477890614
Larry Haney,R,74,195,0.215,12,25.03378378,55.81395349,1.079181246,1.472623513
Billy Conigliaro,R,72,180,0.256,40,24.40972222,156.25,1.602059991,1.424346111
Gary Roenicke,R,75,205,0.247,121,25.62044444,489.8785425,2.08278537,1.518007582
Don Lock,R,74,195,0.238,122,25.03378378,512.605042,2.086359831,1.472623513
Billy Cowan,R,72,170,0.236,40,23.05362654,169.4915254,1.602059991,1.319438549
Billy Smith,B,74,185,0.23,17,23.75,73.91304348,1.230448921,1.37331
Tony Perez,R,74,175,0.279,379,22.46621622,1358.422939,2.57863921,1.273996487
Chuck Schilling,R,70,160,0.239,23,22.95510204,96.23430962,1.361727836,1.311816694
Hal McRae,R,71,180,0.29,191,25.10216227,658.6206897,2.281033367,1.477913273
Dave Roberts,R,75,215,0.239,49,26.87022222,205.0209205,1.69019608,1.614690391
Jim Lefebvre,B,72,180,0.251,74,24.40972222,294.8207171,1.86923172,1.424346111
Charlie Spikes,R,75,215,0.246,65,26.87022222,264.2276423,1.812913357,1.614690391
Steve Whitaker,L,72,180,0.23,24,24.40972222,104.3478261,1.380211242,1.424346111
Manny Jimenez,L,73,185,0.272,26,24.40514168,95.58823529,1.414973348,1.42399176
Duffy Dyer,R,72,187,0.221,30,25.3589892,135.7466063,1.477121255,1.497781405
Ken Henderson,B,74,180,0.257,122,23.10810811,474.7081712,2.086359831,1.323653243
Vern Fuller,R,73,170,0.232,14,22.42634641,60.34482759,1.146128036,1.270912158
Wayne Gross,L,74,210,0.233,121,26.95945946,519.3133047,2.08278537,1.621593784
Mike Champion,R,72,185,0.229,2,25.08777006,8.733624454,0.301029996,1.476799892
Paul Casanova,R,76,180,0.225,50,21.90789474,222.2222222,1.698970004,1.230804737
Terry Crowley,L,72,180,0.25,42,24.40972222,168,1.62324929,1.424346111
Horace Clarke,B,69,170,0.256,27,25.10186936,105.46875,1.431363764,1.477890614
Lou Clinton,R,73,185,0.247,65,24.40514168,263.1578947,1.812913357,1.42399176
Larry Cox,R,70,178,0.221,12,25.53755102,54.29864253,1.079181246,1.511594947
Nate Colbert,R,74,190,0.243,173,24.39189189,711.9341564,2.238046103,1.422966757
Phil Roof,R,74,190,0.215,43,24.39189189,200,1.633468456,1.422966757
Chuck Hinton,R,73,180,0.264,113,23.74554325,428.030303,2.053078443,1.372965226
Tim Cullen,R,73,185,0.22,9,24.40514168,40.90909091,0.954242509,1.42399176
Tim Harkness,L,74,182,0.235,14,23.36486486,59.57446809,1.146128036,1.343515946
Rick Bosetti,R,71,185,0.25,17,25.79944455,68,1.230448921,1.53185503
Ron Pruitt,R,72,185,0.269,12,25.08777006,44.60966543,1.079181246,1.476799892
George Foster,R,73,180,0.274,348,23.74554325,1270.072993,2.541579244,1.372965226
Jerry White,B,70,164,0.253,21,23.52897959,83.00395257,1.322219295,1.356211861
Angel Mangual,R,70,178,0.245,22,25.53755102,89.79591837,1.342422681,1.511594947
Ken Gerhart,R,72,190,0.221,24,25.7658179,108.5972851,1.380211242,1.529253673
Mike Hershberger,R,70,175,0.252,26,25.10714286,103.1746032,1.414973348,1.478298572
Jim French,L,68,180,0.196,5,27.36591696,25.51020408,0.698970004,1.653037336
Dave Roberts,L,75,195,0.194,7,24.37066667,36.08247423,0.84509804,1.421324774
Jim Mason,L,74,185,0.203,12,23.75,59.11330049,1.079181246,1.37331
Willie Smith,L,72,182,0.248,46,24.68094136,185.483871,1.662757832,1.445327624
Jose Arcia,R,75,170,0.215,1,21.24622222,4.651162791,0,1.179617751
Leon Durham,L,73,185,0.277,147,24.40514168,530.6859206,2.167317335,1.42399176
Paul Householder,B,72,180,0.236,29,24.40972222,122.8813559,1.462397998,1.424346111
Aurelio Rodriguez,R,70,180,0.237,124,25.8244898,523.2067511,2.093421685,1.533792531
Jimmy Stewart,B,72,165,0.237,8,22.3755787,33.75527426,0.903089987,1.266984768
Dick Phillips,L,72,180,0.229,12,24.40972222,52.40174672,1.079181246,1.424346111
Andres Thomas,R,73,170,0.234,42,22.42634641,179.4871795,1.62324929,1.270912158
Mike de la Hoz,R,71,175,0.251,25,24.40487998,99.60159363,1.397940009,1.423971515
Frank Taveras,R,72,155,0.255,2,21.01948302,7.843137255,0.301029996,1.162077206
Joe Nossek,R,72,178,0.228,3,24.13850309,13.15789474,0.477121255,1.403364599
Larry Stahl,L,72,175,0.232,36,23.73167438,155.1724138,1.556302501,1.37189233
Jose Cruz,L,72,170,0.284,165,23.05362654,580.9859155,2.217483944,1.319438549
Don Mason,L,71,160,0.205,3,22.31303313,14.63414634,0.477121255,1.262146243
Bill Robinson,R,74,189,0.258,166,24.26351351,643.4108527,2.220108088,1.413035405
Sal Bando,R,72,195,0.254,242,26.44386574,952.7559055,2.383815366,1.581707454
George Mitterwald,R,74,195,0.236,76,25.03378378,322.0338983,1.880813592,1.472623513
Bob Tillman,R,76,205,0.232,79,24.95065789,340.5172414,1.897627091,1.466192894
Pat Corrales,R,72,180,0.216,4,24.40972222,18.51851852,0.602059991,1.424346111
Mike Tyson,R,69,170,0.241,27,25.10186936,112.033195,1.431363764,1.477890614
Rafael Landestoy,B,70,165,0.237,4,23.67244898,16.87763713,0.602059991,1.367310653
Duane Josephson,R,72,190,0.258,23,25.7658179,89.14728682,1.361727836,1.529253673
Duane Walker,L,72,185,0.229,24,25.08777006,104.8034934,1.380211242,1.476799892
Glenn Hubbard,R,69,150,0.244,70,22.14870825,286.8852459,1.84509804,1.24943407
Roger Freed,R,72,190,0.245,22,25.7658179,89.79591837,1.342422681,1.529253673
George Hendrick,R,75,195,0.278,267,24.37066667,960.4316547,2.426511261,1.421324774
Rod Carew,L,72,170,0.328,92,23.05362654,280.4878049,1.963787827,1.319438549
Bob Davis,R,72,180,0.197,6,24.40972222,30.45685279,0.77815125,1.424346111
Toby Harrah,R,72,175,0.264,195,23.73167438,738.6363636,2.290034611,1.37189233
Rick Manning,L,73,180,0.257,56,23.74554325,217.8988327,1.748188027,1.372965226
Gary Matthews,R,74,185,0.281,234,23.75,832.7402135,2.369215857,1.37331
Cesar Geronimo,L,72,165,0.258,51,22.3755787,197.6744186,1.707570176,1.266984768
Billy Bryan,L,76,200,0.216,41,24.34210526,189.8148148,1.612783857,1.419115263
Terry Whitfield,L,73,197,0.281,33,25.98817789,117.4377224,1.51851394,1.546455442
Mario Mendoza,R,71,170,0.215,4,23.7075977,18.60465116,0.602059991,1.370029758
Fred Lynn,L,73,185,0.283,306,24.40514168,1081.272085,2.485721426,1.42399176
Larry Hisle,R,74,193,0.273,166,24.77702703,608.0586081,2.220108088,1.452760811
Graig Nettles,L,72,180,0.248,390,24.40972222,1572.580645,2.591064607,1.424346111
Dave Engle,R,75,210,0.262,31,26.24533333,118.3206107,1.491361694,1.566348986
Mike Easler,L,72,190,0.293,118,25.7658179,402.7303754,2.071882007,1.529253673
Rick Sweet,B,73,200,0.234,6,26.38393695,25.64102564,0.77815125,1.577071362
Thurman Munson,R,71,190,0.292,113,26.49672684,386.9863014,2.053078443,1.585796788
Rick Monday,L,75,193,0.264,241,24.12071111,912.8787879,2.382017043,1.401988211
Mike Sadek,R,69,165,0.226,5,24.36357908,22.12389381,0.698970004,1.420776478
Mark Belanger,R,73,170,0.228,20,22.42634641,87.71929825,1.301029996,1.270912158
Ron Hunt,R,72,186,0.273,39,25.22337963,142.8571429,1.591064607,1.487290648
Joe Keough,L,72,185,0.246,9,25.08777006,36.58536585,0.954242509,1.476799892
Vic Correll,R,70,185,0.229,29,26.54183673,126.6375546,1.462397998,1.589286489
Jackie Hernandez,R,71,165,0.208,12,23.01031541,57.69230769,1.079181246,1.316088
Tony Solaita,L,72,210,0.255,50,28.47800926,196.0784314,1.698970004,1.739068796
U L Washington,B,71,175,0.251,27,24.40487998,107.5697211,1.431363764,1.423971515
Joe Foy,R,72,215,0.248,58,29.1560571,233.8709677,1.763427994,1.791522577
Ed Goodson,L,75,180,0.26,30,22.496,115.3846154,1.477121255,1.27630056
Mickey Klutts,R,71,170,0.241,14,23.7075977,58.09128631,1.146128036,1.370029758
Leroy Stanton,R,73,195,0.244,77,25.72433853,315.5737705,1.886490725,1.526044829
Danny Ainge,R,76,175,0.22,2,21.29934211,9.090909091,0.301029996,1.183727106
Adolfo Phillips,R,73,175,0.247,59,23.08594483,238.8663968,1.770852012,1.321938692
Marv Breeding,R,72,175,0.25,7,23.73167438,28,0.84509804,1.37189233
Dick McAuliffe,L,71,176,0.247,197,24.54433644,797.5708502,2.294466226,1.434759867
Glenn Burke,R,72,195,0.237,2,26.44386574,8.438818565,0.301029996,1.581707454
Terry Humphrey,R,75,185,0.211,6,23.12088889,28.43601896,0.77815125,1.324641965
Enzo Hernandez,R,68,155,0.224,2,23.56509516,8.928571429,0.301029996,1.359005762
Coco Laboy,R,70,165,0.233,28,23.67244898,120.1716738,1.447158031,1.367310653
Ted Kubiak,B,72,175,0.231,13,23.73167438,56.27705628,1.113943352,1.37189233
Jim Morrison,R,71,175,0.26,112,24.40487998,430.7692308,2.049218023,1.423971515
Bobby Knoop,R,73,170,0.236,56,22.42634641,237.2881356,1.748188027,1.270912158
Bobby Brown,B,74,190,0.245,26,24.39189189,106.122449,1.414973348,1.422966757
Tom Hutton,L,71,180,0.248,22,25.10216227,88.70967742,1.342422681,1.477913273
Ron Hodges,L,73,185,0.24,19,24.40514168,79.16666667,1.278753601,1.42399176
Rich Chiles,L,71,170,0.254,6,23.7075977,23.62204724,0.77815125,1.370029758
Tom Paciorek,R,76,215,0.282,86,26.16776316,304.964539,1.934498451,1.560348158
Gary Woods,R,74,185,0.243,13,23.75,53.49794239,1.113943352,1.37331
Bob Montgomery,R,73,195,0.258,23,25.72433853,89.14728682,1.361727836,1.526044829
Jeff Burroughs,R,73,200,0.261,240,26.38393695,919.5402299,2.380211242,1.577071362
Rusty Staub,L,74,190,0.279,292,24.39189189,1046.594982,2.465382851,1.422966757
Jim Norris,L,70,175,0.264,7,25.10714286,26.51515152,0.84509804,1.478298572
Oscar Gamble,L,71,160,0.265,200,22.31303313,754.7169811,2.301029996,1.262146243
George Vukovich,L,72,198,0.268,27,26.85069444,100.7462687,1.431363764,1.613179722
Craig Reynolds,L,73,175,0.256,42,23.08594483,164.0625,1.62324929,1.321938692
Paul Blair,R,72,168,0.25,134,22.78240741,536,2.127104798,1.298457037
Al Cowens,R,73,197,0.27,108,25.98817789,400,2.033423755,1.546455442
Al Oliver,L,72,195,0.303,219,26.44386574,722.7722772,2.340444115,1.581707454
Dave Hilton,R,71,191,0.213,6,26.6361833,28.16901408,0.77815125,1.59658514
Luis Alvarado,R,69,162,0.214,5,23.92060491,23.36448598,0.698970004,1.386507996
Larry Parrish,R,75,190,0.263,256,23.74577778,973.3840304,2.408239965,1.372983369
Woodie Fryman,R,75,197,0.138,2,24.62062222,14.49275362,0.301029996,1.440661335
Bob Randall,R,74,175,0.257,1,22.46621622,3.891050584,0,1.273996487
Jim Pankovits,R,70,170,0.25,9,24.38979592,36,0.954242509,1.422804612
Carmen Fanzone,R,72,200,0.224,20,27.12191358,89.28571429,1.301029996,1.634161235
Gary Allenson,R,71,185,0.221,19,25.79944455,85.97285068,1.278753601,1.53185503
Milt May,L,72,190,0.263,77,25.7658179,292.7756654,1.886490725,1.529253673
Mike Vail,R,73,180,0.279,34,23.74554325,121.8637993,1.531478917,1.372965226
Nick Esasky,R,75,200,0.25,122,24.99555556,488,2.086359831,1.469666178
Jim Nettles,L,72,186,0.22,16,25.22337963,72.72727273,1.204119983,1.487290648
Chris Cannizzaro,R,72,190,0.235,18,25.7658179,76.59574468,1.255272505,1.529253673
Larry Biittner,L,74,205,0.273,29,26.31756757,106.2271062,1.462397998,1.571937027
Mel Stottlemyre,R,73,178,0.16,7,23.48170388,43.75,0.84509804,1.352554612
Roy Smalley,B,73,185,0.257,163,24.40514168,634.2412451,2.212187604,1.42399176
Andy Messersmith,R,73,200,0.17,5,26.38393695,29.41176471,0.698970004,1.577071362
Richie Zisk,R,73,200,0.287,207,26.38393695,721.2543554,2.315970345,1.577071362
Dave Chalk,R,70,175,0.252,15,25.10714286,59.52380952,1.176091259,1.478298572
Don Baylor,R,73,190,0.26,338,25.0647401,1300,2.5289167,1.475018294
John Vukovich,R,73,187,0.161,6,24.66898105,37.26708075,0.77815125,1.444402374
Danny Thompson,R,72,183,0.248,15,24.81655093,60.48387097,1.176091259,1.45581838
Joe Simpson,L,75,175,0.242,9,21.87111111,37.19008264,0.954242509,1.227959155
Bill Fahey,L,72,200,0.241,7,27.12191358,29.04564315,0.84509804,1.634161235
Doug Camilli,R,71,195,0.199,18,27.19400913,90.45226131,1.255272505,1.639738546
Bernie Allen,L,72,175,0.239,73,23.73167438,305.4393305,1.86332286,1.37189233
Bruce Bochy,R,75,205,0.239,26,25.62044444,108.7866109,1.414973348,1.518007582
Claudell Washington,L,72,190,0.278,164,25.7658179,589.9280576,2.214843848,1.529253673
John Donaldson,L,71,160,0.238,4,22.31303313,16.80672269,0.602059991,1.262146243
John Mayberry,L,75,215,0.253,255,26.87022222,1007.905138,2.40654018,1.614690391
Ken Reitz,R,72,180,0.26,68,24.40972222,261.5384615,1.832508913,1.424346111
Amos Otis,R,71,165,0.277,193,23.01031541,696.7509025,2.285557309,1.316088
Gene Alley,R,70,160,0.254,55,22.95510204,216.5354331,1.740362689,1.311816694
Ted Sizemore,R,70,165,0.262,23,23.67244898,87.78625954,1.361727836,1.367310653
Dan Briggs,L,72,180,0.195,12,24.40972222,61.53846154,1.079181246,1.424346111
Doug Flynn,R,71,165,0.238,7,23.01031541,29.41176471,0.84509804,1.316088
Ken Holtzman,R,74,175,0.163,2,22.46621622,12.26993865,0.301029996,1.273996487
Pete Ward,L,73,185,0.254,98,24.40514168,385.8267717,1.991226076,1.42399176
Kevin Bell,R,72,195,0.222,13,26.44386574,58.55855856,1.113943352,1.581707454
Tom Nieto,R,73,193,0.205,5,25.46049916,24.3902439,0.698970004,1.505634215
Duke Sims,L,74,197,0.239,100,25.29054054,418.4100418,2,1.492486216
Larvell Blanks,R,68,167,0.253,20,25.38948962,79.0513834,1.301029996,1.500140917
Mike Davis,L,74,175,0.259,91,22.46621622,351.3513514,1.959041392,1.273996487
Jerry Reuss,L,77,200,0.167,1,23.71394839,5.988023952,0,1.370521047
Steve Yeager,R,72,190,0.228,102,25.7658179,447.3684211,2.008600172,1.529253673
Danny Goodwin,L,73,195,0.236,13,25.72433853,55.08474576,1.113943352,1.526044829
Bud Harrelson,B,71,160,0.236,7,22.31303313,29.66101695,0.84509804,1.262146243
Bob Knepper,L,75,195,0.137,6,24.37066667,43.79562044,0.77815125,1.421324774
Mickey Rivers,L,70,165,0.295,61,23.67244898,206.779661,1.785329835,1.367310653
Jim Northrup,L,75,190,0.267,153,23.74577778,573.0337079,2.184691431,1.372983369
John Hale,L,74,195,0.201,14,25.03378378,69.65174129,1.146128036,1.472623513
Pedro Garcia,R,70,175,0.22,37,25.10714286,168.1818182,1.568201724,1.478298572
Carl Yastrzemski,L,71,175,0.285,452,24.40487998,1585.964912,2.655138435,1.423971515
Derrel Thomas,B,72,160,0.249,43,21.69753086,172.6907631,1.633468456,1.214530987
Art Howe,R,74,190,0.26,43,24.39189189,165.3846154,1.633468456,1.422966757
Ike Brown,R,72,190,0.256,20,25.7658179,78.125,1.301029996,1.529253673
Howie Goss,R,76,204,0.216,11,24.82894737,50.92592593,1.041392685,1.456777369
Glenn Borgmann,R,76,210,0.229,16,25.55921053,69.86899563,1.204119983,1.513270527
Lamar Johnson,R,74,215,0.287,64,27.60135135,222.9965157,1.806179974,1.67125054
Julio Gonzalez,R,71,162,0.235,4,22.59194604,17.0212766,0.602059991,1.283722946
Bobby Klaus,R,70,170,0.208,6,24.38979592,28.84615385,0.77815125,1.422804612
Manny Sanguillen,R,72,193,0.296,65,26.1726466,219.5945946,1.812913357,1.560725941
Gates Brown,L,71,220,0.257,84,30.68042055,326.848249,1.924279286,1.909447334
Johnny Ray,B,71,170,0.29,53,23.7075977,182.7586207,1.72427587,1.370029758
Jesus Alou,R,74,190,0.28,32,24.39189189,114.2857143,1.505149978,1.422966757
Ken Landreaux,L,70,165,0.268,91,23.67244898,339.5522388,1.959041392,1.367310653
Enos Cabell,R,76,170,0.277,60,20.69078947,216.6064982,1.77815125,1.136649473
Billy North,B,71,185,0.261,20,25.79944455,76.62835249,1.301029996,1.53185503
Juan Beniquez,R,71,150,0.274,79,20.91846856,288.3211679,1.897627091,1.154262728
Frank Fernandez,R,72,185,0.199,39,25.08777006,195.9798995,1.591064607,1.476799892
Bombo Rivera,R,70,187,0.265,10,26.82877551,37.73584906,1,1.611484073
Steve Brye,R,72,190,0.258,30,25.7658179,116.2790698,1.477121255,1.529253673
Ron Jackson,R,72,200,0.259,56,27.12191358,216.2162162,1.748188027,1.634161235
Roger Metzger,B,72,165,0.231,5,22.3755787,21.64502165,0.698970004,1.266984768
Rufino Linares,R,72,170,0.27,11,23.05362654,40.74074074,1.041392685,1.319438549
Ray Webster,L,72,185,0.244,17,25.08777006,69.67213115,1.230448921,1.476799892
Bob Kearney,R,72,190,0.233,27,25.7658179,115.8798283,1.431363764,1.529253673
Fergie Jenkins,R,77,205,0.165,13,24.3067971,78.78787879,1.113943352,1.416383824
Dick Dietz,R,73,195,0.261,66,25.72433853,252.8735632,1.819543936,1.526044829
Ted Cox,R,75,195,0.245,10,24.37066667,40.81632653,1,1.421324774
Bobby Mitchell,L,70,170,0.243,3,24.38979592,12.34567901,0.477121255,1.422804612
Bobby Mitchell,R,75,185,0.235,21,23.12088889,89.36170213,1.322219295,1.324641965
Barry Evans,R,73,180,0.251,2,23.74554325,7.96812749,0.301029996,1.372965226
Mickey Brantley,R,70,180,0.259,32,25.8244898,123.5521236,1.505149978,1.533792531
Al Gallagher,R,72,180,0.263,11,24.40972222,41.82509506,1.041392685,1.424346111
Hector Cruz,R,71,170,0.225,39,23.7075977,173.3333333,1.591064607,1.370029758
Woody Woodward,R,74,180,0.236,1,23.10810811,4.237288136,0,1.323653243
Ted Martinez,R,72,165,0.24,7,22.3755787,29.16666667,0.84509804,1.266984768
Jim Anderson,R,72,170,0.218,13,23.05362654,59.63302752,1.113943352,1.319438549
Lenn Sakata,R,69,160,0.23,25,23.6252888,108.6956522,1.397940009,1.363662342
Dave Duncan,R,74,190,0.214,109,24.39189189,509.3457944,2.037426498,1.422966757
Dick Billings,R,73,195,0.227,16,25.72433853,70.4845815,1.204119983,1.526044829
Bruce Bochte,L,75,195,0.282,100,24.37066667,354.6099291,2,1.421324774
Bernie Carbo,L,71,173,0.264,96,24.12596707,363.6363636,1.982271233,1.402394813
Vic Davalillo,L,67,150,0.279,36,23.49075518,129.0322581,1.556302501,1.353254821
Burt Hooton,R,73,210,0.123,4,27.7031338,32.5203252,0.602059991,1.679124431
Fernando Gonzalez,R,70,165,0.235,17,23.67244898,72.34042553,1.230448921,1.367310653
Jim Sundberg,R,72,190,0.248,95,25.7658179,383.0645161,1.977723605,1.529253673
Andy Kosco,R,75,205,0.236,73,25.62044444,309.3220339,1.86332286,1.518007582
Steve Huntz,B,73,204,0.206,16,26.91161569,77.66990291,1.204119983,1.61789259
Lenny Faedo,R,72,170,0.251,5,23.05362654,19.92031873,0.698970004,1.319438549
John Lowenstein,L,72,175,0.253,116,23.73167438,458.4980237,2.064457989,1.37189233
Don Kessinger,B,73,170,0.252,14,22.42634641,55.55555556,1.146128036,1.270912158
Joe Hague,L,72,195,0.239,40,26.44386574,167.3640167,1.602059991,1.581707454
Bake McBride,L,74,190,0.299,63,24.39189189,210.7023411,1.799340549,1.422966757
Dick Davis,R,75,190,0.265,27,23.74577778,101.8867925,1.431363764,1.372983369
Richie Scheinblum,B,73,180,0.263,13,23.74554325,49.42965779,1.113943352,1.372965226
Ed Herrmann,L,73,195,0.24,80,25.72433853,333.3333333,1.903089987,1.526044829
Bob Molinaro,L,72,190,0.264,14,25.7658179,53.03030303,1.146128036,1.529253673
Mike Hegan,L,73,188,0.242,53,24.80090073,219.0082645,1.72427587,1.45460768
Mike Diaz,R,74,195,0.247,31,25.03378378,125.5060729,1.491361694,1.472623513
Tim Foli,R,72,179,0.251,25,24.27411265,99.60159363,1.397940009,1.413855355
Alan Knicely,R,72,190,0.213,12,25.7658179,56.33802817,1.079181246,1.529253673
Tim Laudner,R,75,212,0.225,77,26.49528889,342.2222222,1.886490725,1.585685549
Jose Morales,R,71,187,0.287,26,26.07835747,90.59233449,1.414973348,1.553431734
Juan Marichal,R,72,185,0.165,4,25.08777006,24.24242424,0.602059991,1.476799892
Vida Blue,B,72,189,0.104,4,25.63020833,38.46153846,0.602059991,1.518762916
Stan Papi,R,72,170,0.218,7,23.05362654,32.11009174,0.84509804,1.319438549
Rob Wilfong,L,73,180,0.248,39,23.74554325,157.2580645,1.591064607,1.372965226
Steve Henderson,R,74,190,0.28,68,24.39189189,242.8571429,1.832508913,1.422966757
Rob Picciolo,R,74,185,0.234,17,23.75,72.64957265,1.230448921,1.37331
Roberto Pena,R,68,170,0.245,13,25.84558824,53.06122449,1.113943352,1.535424706
Bob Dernier,R,72,160,0.255,23,21.69753086,90.19607843,1.361727836,1.214530987
Bill Melton,R,74,200,0.253,160,25.67567568,632.4110672,2.204119983,1.522280271
Albert Hall,B,71,155,0.251,5,21.61575084,19.92031873,0.698970004,1.208204485
Barbaro Garbey,R,70,170,0.267,11,24.38979592,41.19850187,1.041392685,1.422804612
John Milner,L,72,185,0.249,131,25.08777006,526.1044177,2.117271296,1.476799892
Rich Reese,L,75,185,0.253,52,23.12088889,205.5335968,1.716003344,1.324641965
Chris Bando,B,72,195,0.227,27,26.44386574,118.9427313,1.431363764,1.581707454
Bill Buckner,L,72,185,0.289,174,25.08777006,602.0761246,2.240549248,1.476799892
Jack Hiatt,R,74,190,0.251,22,24.39189189,87.64940239,1.342422681,1.422966757
Nelson Mathews,R,76,195,0.223,22,23.73355263,98.65470852,1.342422681,1.372037631
Ron Theobald,R,68,165,0.248,2,25.08542388,8.064516129,0.301029996,1.476618391
Rafael Santana,R,73,165,0.246,13,21.76674798,52.84552846,1.113943352,1.219885624
Jerry Hairston,B,70,170,0.258,30,24.38979592,116.2790698,1.477121255,1.422804612
Tommie Aaron,R,75,190,0.229,13,23.74577778,56.76855895,1.113943352,1.372983369
Steve Dillard,R,73,180,0.243,13,23.74554325,53.49794239,1.113943352,1.372965226
George Scott,R,74,200,0.268,271,25.67567568,1011.19403,2.432969291,1.522280271
Ken Walters,R,73,180,0.231,11,23.74554325,47.61904762,1.041392685,1.372965226
Gorman Thomas,R,74,210,0.225,268,26.95945946,1191.111111,2.428134794,1.621593784
Paul Dade,R,73,185,0.27,10,24.40514168,37.03703704,1,1.42399176
Darrell Porter,L,72,193,0.247,188,26.1726466,761.1336032,2.274157849,1.560725941
Fred Stanley,R,70,165,0.216,10,23.67244898,46.2962963,1,1.367310653
Larry Bowa,B,70,155,0.26,15,22.2377551,57.69230769,1.176091259,1.256322735
Tim Corcoran,L,71,175,0.27,12,24.40487998,44.44444444,1.079181246,1.423971515
Jim Spencer,L,74,195,0.25,146,25.03378378,584,2.164352856,1.472623513
Pete LaCock,L,74,200,0.257,27,25.67567568,105.0583658,1.431363764,1.522280271
Carl Morton,R,72,200,0.156,7,27.12191358,44.87179487,0.84509804,1.634161235
Gary Gray,R,72,187,0.24,24,25.3589892,100,1.380211242,1.497781405
Matty Alou,L,69,160,0.307,31,23.6252888,100.9771987,1.491361694,1.363662342
Jim Dwyer,L,70,165,0.26,77,23.67244898,296.1538462,1.886490725,1.367310653
Dalton Jones,L,73,180,0.235,41,23.74554325,174.4680851,1.612783857,1.372965226
Rennie Stennett,R,71,160,0.274,41,22.31303313,149.6350365,1.612783857,1.262146243
Jerry May,R,74,190,0.234,15,24.39189189,64.1025641,1.176091259,1.422966757
Rich McKinney,R,71,185,0.225,20,25.79944455,88.88888889,1.301029996,1.53185503
Clint Hurdle,L,75,195,0.259,32,24.37066667,123.5521236,1.505149978,1.421324774
Mike Andrews,R,75,195,0.258,66,24.37066667,255.8139535,1.819543936,1.421324774
Bobby Clark,R,72,190,0.239,19,25.7658179,79.49790795,1.278753601,1.529253673
Cliff Johnson,R,76,215,0.258,196,26.16776316,759.6899225,2.292256071,1.560348158
Donn Clendenon,R,76,209,0.274,159,25.4375,580.2919708,2.201397124,1.503855
Charlie James,R,73,195,0.255,29,25.72433853,113.7254902,1.462397998,1.526044829
Bob Horner,R,73,195,0.277,218,25.72433853,787.0036101,2.338456494,1.526044829
Tom Veryzer,R,73,175,0.241,14,23.08594483,58.09128631,1.146128036,1.321938692
George Smith,R,70,170,0.205,9,24.38979592,43.90243902,0.954242509,1.422804612
Jim Essian,R,74,195,0.244,33,25.03378378,135.2459016,1.51851394,1.472623513
Onix Concepcion,R,66,160,0.239,3,25.82185491,12.55230126,0.477121255,1.533588696
Boots Day,L,69,160,0.256,8,23.6252888,31.25,0.903089987,1.363662342
Brian Giles,R,73,165,0.228,10,21.76674798,43.85964912,1,1.219885624
Garry Maddox,R,75,175,0.285,117,21.87111111,410.5263158,2.068185862,1.227959155
Alex Trevino,R,70,165,0.249,23,23.67244898,92.36947791,1.361727836,1.367310653
Jim Price,R,72,192,0.214,18,26.03703704,84.11214953,1.255272505,1.550235185
Felix Millan,R,71,172,0.279,22,23.98651061,78.85304659,1.342422681,1.391606461
Steve Garvey,R,70,192,0.294,272,27.54612245,925.170068,2.434568904,1.666978033
Don Mincher,L,75,205,0.249,200,25.62044444,803.2128514,2.301029996,1.518007582
Tony Cloninger,R,72,210,0.192,11,28.47800926,57.29166667,1.041392685,1.739068796
Jim Gosger,L,71,185,0.226,30,25.79944455,132.7433628,1.477121255,1.53185503
Chuck Harrison,R,70,185,0.238,17,26.54183673,71.42857143,1.230448921,1.589286489
Mike Ivie,R,75,205,0.269,81,25.62044444,301.1152416,1.908485019,1.518007582
Marvell Wynne,L,71,175,0.247,40,24.40487998,161.9433198,1.602059991,1.423971515
Dusty Baker,R,74,183,0.278,242,23.49324324,870.5035971,2.383815366,1.353447297
Tucker Ashford,R,73,195,0.218,6,25.72433853,27.52293578,0.77815125,1.526044829
Ned Yost,R,73,190,0.212,16,25.0647401,75.47169811,1.204119983,1.475018294
Bob Stinson,B,71,180,0.25,33,25.10216227,132,1.51851394,1.477913273
Gaylord Perry,R,76,205,0.131,6,24.95065789,45.80152672,0.77815125,1.466192894
Dave Marshall,L,73,182,0.246,16,24.00938262,65.04065041,1.204119983,1.393375839
Mickey Hatcher,R,74,200,0.28,38,25.67567568,135.7142857,1.579783597,1.522280271
Roger Repoz,L,75,190,0.224,82,23.74577778,366.0714286,1.913813852,1.372983369
John Orsino,R,75,215,0.249,40,26.87022222,160.6425703,1.602059991,1.614690391
Johnny Briggs,L,73,190,0.253,139,25.0647401,549.4071146,2.1430148,1.475018294
Dave Hostetler,R,76,215,0.229,37,26.16776316,161.5720524,1.568201724,1.560348158
Bob Jones,L,74,195,0.221,20,25.03378378,90.49773756,1.301029996,1.472623513
Keith Hernandez,L,72,180,0.296,162,24.40972222,547.2972973,2.209515015,1.424346111
Willie Upshaw,L,72,185,0.262,123,25.08777006,469.4656489,2.089905111,1.476799892
Dick Green,R,70,180,0.24,80,25.8244898,333.3333333,1.903089987,1.533792531
Dane Iorg,L,72,180,0.276,14,24.40972222,50.72463768,1.146128036,1.424346111
Richie Hebner,L,73,195,0.276,203,25.72433853,735.5072464,2.307496038,1.526044829
Fran Healy,R,77,220,0.25,20,26.08534323,80,1.301029996,1.553972152
Doc Edwards,R,74,215,0.238,15,27.60135135,63.02521008,1.176091259,1.67125054
Sandy Alomar,B,69,140,0.245,13,20.6721277,53.06122449,1.113943352,1.135205799
Joe Strain,R,70,169,0.25,1,24.24632653,4,0,1.41170582
Gene Richards,L,72,175,0.29,26,23.73167438,89.65517241,1.414973348,1.37189233
Buddy Bell,R,73,180,0.279,201,23.74554325,720.4301075,2.303196057,1.372965226
Al Woods,L,75,190,0.271,35,23.74577778,129.1512915,1.544068044,1.372983369
Rudy Law,L,73,165,0.271,18,21.76674798,66.42066421,1.255272505,1.219885624
Jody Davis,R,76,192,0.245,127,23.36842105,518.3673469,2.103803721,1.343791052
Mike Edwards,R,70,154,0.25,2,22.09428571,8,0.301029996,1.245223943
Deron Johnson,R,74,200,0.244,245,25.67567568,1004.098361,2.389166084,1.522280271
Don Wert,R,70,162,0.242,77,23.24204082,318.1818182,1.886490725,1.334014278
Mike Fiore,L,72,175,0.227,13,23.73167438,57.26872247,1.113943352,1.37189233
Miguel Dilone,B,72,160,0.265,6,21.69753086,22.64150943,0.77815125,1.214530987
Greg Luzinski,R,73,220,0.276,307,29.02233064,1112.318841,2.487138375,1.781177498
Bobby Tolan,L,71,170,0.265,86,23.7075977,324.5283019,1.934498451,1.370029758
Ron Woods,R,70,168,0.233,26,24.10285714,111.5879828,1.414973348,1.400607028
Tony Horton,R,75,210,0.268,76,26.24533333,283.5820896,1.880813592,1.566348986
Randy Hundley,R,71,170,0.236,82,23.7075977,347.4576271,1.913813852,1.370029758
Jose Tartabull,L,71,165,0.261,2,23.01031541,7.662835249,0.301029996,1.316088
Ben Oglivie,L,74,160,0.273,235,20.54054054,860.8058608,2.371067862,1.125026216
Bob Johnson,R,70,175,0.272,44,25.10714286,161.7647059,1.643452676,1.478298572
Don Buford,B,67,160,0.264,93,25.05680552,352.2727273,1.968482949,1.474404475
Duane Kuiper,L,72,175,0.271,1,23.73167438,3.6900369,0,1.37189233
Brant Alyea,R,75,215,0.247,38,26.87022222,153.8461538,1.579783597,1.614690391
Jerry Narron,L,75,205,0.211,21,25.62044444,99.52606635,1.322219295,1.518007582
Lou Johnson,R,71,170,0.258,48,23.7075977,186.0465116,1.681241237,1.370029758
Ken Retzer,L,72,185,0.264,14,25.08777006,53.03030303,1.146128036,1.476799892
Mike Brown,R,74,195,0.265,23,25.03378378,86.79245283,1.361727836,1.472623513
Greg Walker,L,75,205,0.26,113,25.62044444,434.6153846,2.053078443,1.518007582
Terry Harper,R,76,195,0.253,36,23.73355263,142.2924901,1.556302501,1.372037631
Jerry Royster,R,72,165,0.249,40,22.3755787,160.6425703,1.602059991,1.266984768
Barry Bonnell,R,75,190,0.272,56,23.74577778,205.8823529,1.748188027,1.372983369
Tom Seaver,R,73,195,0.154,12,25.72433853,77.92207792,1.079181246,1.526044829
Jerry Martin,R,73,195,0.251,85,25.72433853,338.6454183,1.929418926,1.526044829
Bill Stein,R,70,170,0.267,44,24.38979592,164.7940075,1.643452676,1.422804612
Joel Youngblood,R,72,180,0.265,80,24.40972222,301.8867925,1.903089987,1.424346111
Reggie Jackson,L,72,195,0.262,563,26.44386574,2148.854962,2.750508395,1.581707454
Sonny Jackson,L,69,150,0.251,7,22.14870825,27.88844622,0.84509804,1.24943407
Rodney Scott,B,72,160,0.236,3,21.69753086,12.71186441,0.477121255,1.214530987
Rich Coggins,L,68,170,0.265,12,25.84558824,45.28301887,1.079181246,1.535424706
Phil Gagliano,R,73,180,0.238,14,23.74554325,58.82352941,1.146128036,1.372965226
Jerry McNertney,R,72,180,0.237,27,24.40972222,113.9240506,1.431363764,1.424346111
Mitchell Page,L,74,205,0.266,72,26.31756757,270.6766917,1.857332496,1.571937027
Kiko Garcia,R,71,180,0.239,12,25.10216227,50.20920502,1.079181246,1.477913273
Larry Milbourne,B,72,161,0.254,11,21.83314043,43.30708661,1.041392685,1.225021744
Bill Sudakis,B,73,190,0.234,59,25.0647401,252.1367521,1.770852012,1.475018294
Domingo Ramos,R,70,154,0.24,8,22.09428571,33.33333333,0.903089987,1.245223943
Ron Oester,B,74,185,0.265,42,23.75,158.490566,1.62324929,1.37331
Glenn Adams,L,73,180,0.28,34,23.74554325,121.4285714,1.531478917,1.372965226
Joe Morgan,L,67,160,0.271,268,25.05680552,988.9298893,2.428134794,1.474404475
R.J. Reynolds,B,72,190,0.267,35,25.7658179,131.0861423,1.544068044,1.529253673
Lee Thomas,L,74,195,0.255,106,25.03378378,415.6862745,2.025305865,1.472623513
Ray Fosse,R,74,215,0.256,61,27.60135135,238.28125,1.785329835,1.67125054
Paul Popovich,B,72,175,0.233,14,23.73167438,60.08583691,1.146128036,1.37189233
John Stephenson,L,71,180,0.216,12,25.10216227,55.55555556,1.079181246,1.477913273
Doug Clemens,L,72,180,0.229,12,24.40972222,52.40174672,1.079181246,1.424346111
Orlando Mercado,R,72,180,0.199,7,24.40972222,35.1758794,0.84509804,1.424346111
Charley Smith,R,73,170,0.239,69,22.42634641,288.7029289,1.838849091,1.270912158
Buddy Biancalana,B,71,160,0.205,6,22.31303313,29.26829268,0.77815125,1.262146243
Bob Uecker,R,73,190,0.2,14,25.0647401,70,1.146128036,1.475018294
Felix Torres,R,71,165,0.254,27,23.01031541,106.2992126,1.431363764,1.316088
Steve Braun,L,70,180,0.271,52,25.8244898,191.8819188,1.716003344,1.533792531
Ray Knight,R,73,185,0.271,84,24.40514168,309.9630996,1.924279286,1.42399176
Ty Cline,L,72,170,0.238,6,23.05362654,25.21008403,0.77815125,1.319438549
Thad Bosley,L,75,175,0.272,20,21.87111111,73.52941176,1.301029996,1.227959155
Bobby Grich,R,74,180,0.266,224,23.10810811,842.1052632,2.350248018,1.323653243
Jimmie Hall,L,72,175,0.254,121,23.73167438,476.3779528,2.08278537,1.37189233
John Boccabella,R,73,195,0.219,26,25.72433853,118.7214612,1.414973348,1.526044829
Brock Davis,L,70,160,0.26,1,22.95510204,3.846153846,0,1.311816694
Curt Blefary,L,74,195,0.237,112,25.03378378,472.5738397,2.049218023,1.472623513
Mack Jones,L,73,180,0.252,133,23.74554325,527.7777778,2.123851641,1.372965226
Buddy Bradford,R,71,170,0.226,52,23.7075977,230.0884956,1.716003344,1.370029758
Hosken Powell,L,73,175,0.259,17,23.08594483,65.63706564,1.230448921,1.321938692
Dave Stapleton,R,73,178,0.271,41,23.48170388,151.2915129,1.612783857,1.352554612
Gary Ward,R,74,195,0.276,130,25.03378378,471.0144928,2.113943352,1.472623513
Jim Lonborg,R,77,200,0.136,3,23.71394839,22.05882353,0.477121255,1.370521047
Joe Lis,R,72,175,0.233,32,23.73167438,137.3390558,1.505149978,1.37189233
Dan Meyer,L,71,180,0.253,86,25.10216227,339.9209486,1.934498451,1.477913273
Jim Holt,L,72,180,0.265,19,24.40972222,71.69811321,1.278753601,1.424346111
Larry Herndon,R,75,190,0.274,107,23.74577778,390.5109489,2.029383778,1.372983369
Wallace Johnson,B,72,173,0.255,5,23.46045525,19.60784314,0.698970004,1.350910818
Eddie Leon,R,72,170,0.236,24,23.05362654,101.6949153,1.380211242,1.319438549
Jim Wohlford,R,71,175,0.26,21,24.40487998,80.76923077,1.322219295,1.423971515
J.R. Richard,R,80,222,0.168,10,24.3853125,59.52380952,1,1.422457775
Bill Voss,L,74,160,0.227,19,20.54054054,83.70044053,1.278753601,1.125026216
Keith Moreland,R,72,190,0.279,121,25.7658179,433.6917563,2.08278537,1.529253673
Alex Johnson,R,72,205,0.288,78,27.79996142,270.8333333,1.892094603,1.686615015
Wayne Krenchicki,L,73,180,0.266,15,23.74554325,56.39097744,1.176091259,1.372965226
Dave Rosello,R,71,160,0.236,10,22.31303313,42.37288136,1,1.262146243
Paul Schaal,R,71,165,0.244,57,23.01031541,233.6065574,1.755874856,1.316088
Tito Landrum,R,71,175,0.249,13,24.40487998,52.20883534,1.113943352,1.423971515
Dave Edwards,R,72,170,0.237,14,23.05362654,59.07172996,1.146128036,1.319438549
Mario Guerrero,R,70,155,0.257,7,22.2377551,27.23735409,0.84509804,1.256322735
Tom Tresh,B,73,180,0.245,153,23.74554325,624.4897959,2.184691431,1.372965226
Ron Roenicke,B,72,180,0.238,17,24.40972222,71.42857143,1.230448921,1.424346111
Doug Griffin,R,72,160,0.245,7,21.69753086,28.57142857,0.84509804,1.214530987
Steve Blass,R,72,165,0.172,1,22.3755787,5.813953488,0,1.266984768
Johnnie LeMaster,R,74,165,0.222,22,21.18243243,99.0990991,1.342422681,1.174682973
Nate Oliver,R,70,160,0.226,2,22.95510204,8.849557522,0.301029996,1.311816694
Ray Sadecki,L,71,180,0.191,5,25.10216227,26.17801047,0.698970004,1.477913273
Ken Rudolph,R,73,180,0.213,6,23.74554325,28.16901408,0.77815125,1.372965226
Wayne Nordhagen,R,74,205,0.282,39,26.31756757,138.2978723,1.591064607,1.571937027
Biff Pocoroba,B,70,175,0.257,21,25.10714286,81.71206226,1.322219295,1.478298572
Len Matuszek,L,74,190,0.234,30,24.39189189,128.2051282,1.477121255,1.422966757
Joe Lefebvre,L,70,170,0.258,31,24.38979592,120.1550388,1.491361694,1.422804612
Jim Maloney,L,74,190,0.201,7,24.39189189,34.82587065,0.84509804,1.422966757
Andre Robertson,R,70,155,0.251,5,22.2377551,19.92031873,0.698970004,1.256322735
Jerry Zimmerman,R,74,185,0.204,3,23.75,14.70588235,0.477121255,1.37331
Chet Lemon,R,72,190,0.273,215,25.7658179,787.5457875,2.33243846,1.529253673
Phil Mankowski,L,72,180,0.264,8,24.40972222,30.3030303,0.903089987,1.424346111
Cleon Jones,R,72,185,0.281,93,25.08777006,330.9608541,1.968482949,1.476799892
Joaquin Andujar,B,72,170,0.127,5,23.05362654,39.37007874,0.698970004,1.319438549
Mike Lum,L,72,180,0.247,90,24.40972222,364.3724696,1.954242509,1.424346111
Johnny Grubb,L,75,175,0.278,99,21.87111111,356.1151079,1.995635195,1.227959155
Curt Motton,R,68,164,0.213,25,24.933391,117.370892,1.397940009,1.464857128
Johnny Bench,R,73,197,0.267,389,25.98817789,1456.928839,2.589949601,1.546455442
Dale Berra,R,72,180,0.236,49,24.40972222,207.6271186,1.69019608,1.424346111
Bob Meacham,B,73,175,0.236,8,23.08594483,33.89830508,0.903089987,1.321938692
Carl Warwick,R,70,170,0.248,31,24.38979592,125,1.491361694,1.422804612
Sam Bowens,R,73,188,0.223,45,24.80090073,201.793722,1.653212514,1.45460768
George Wright,B,71,180,0.245,42,25.10216227,171.4285714,1.62324929,1.477913273
Luis Aguayo,R,69,173,0.236,37,25.54484352,156.779661,1.568201724,1.512159095
Hal Lanier,R,74,180,0.228,8,23.10810811,35.0877193,0.903089987,1.323653243
Len Randle,B,70,169,0.257,27,24.24632653,105.0583658,1.431363764,1.41170582
Greg Pryor,R,72,180,0.25,14,24.40972222,56,1.146128036,1.424346111
Jim Traber,L,72,194,0.227,27,26.30825617,118.9427313,1.431363764,1.571216697
Dave Nelson,R,70,160,0.244,20,22.95510204,81.96721311,1.301029996,1.311816694
Lynn Jones,R,69,175,0.252,7,25.84015963,27.77777778,0.84509804,1.535004749
Bryan Little,B,70,160,0.245,3,22.95510204,12.24489796,0.477121255,1.311816694
Ken Suarez,R,69,175,0.227,5,25.84015963,22.02643172,0.698970004,1.535004749
Rick Peters,B,69,170,0.277,2,25.10186936,7.220216606,0.301029996,1.477890614
Ron Stone,L,74,185,0.241,6,23.75,24.89626556,0.77815125,1.37331
Tommie Agee,R,71,195,0.255,130,27.19400913,509.8039216,2.113943352,1.639738546
Bob Bailey,R,73,180,0.257,189,23.74554325,735.4085603,2.276461804,1.372965226
Cap Peterson,R,74,195,0.23,19,25.03378378,82.60869565,1.278753601,1.472623513
Ted Uhlaender,L,74,190,0.263,36,24.39189189,136.8821293,1.556302501,1.422966757
Ted Simmons,B,71,193,0.285,248,26.91509621,870.1754386,2.394451681,1.618161843
Bobby Murcer,L,71,160,0.277,252,22.31303313,909.7472924,2.401400541,1.262146243
Dick Tracewski,R,71,160,0.213,8,22.31303313,37.55868545,0.903089987,1.262146243
Bill Nahorodny,R,74,200,0.241,25,25.67567568,103.7344398,1.397940009,1.522280271
Bill Madlock,R,71,180,0.305,163,25.10216227,534.4262295,2.212187604,1.477913273
Bob Boone,R,74,195,0.254,105,25.03378378,413.3858268,2.021189299,1.472623513
Steve Kemp,L,72,195,0.278,130,26.44386574,467.6258993,2.113943352,1.581707454
Rick Burleson,R,70,165,0.273,50,23.67244898,183.1501832,1.698970004,1.367310653
Carl Taylor,R,74,200,0.266,10,25.67567568,37.59398496,1,1.522280271
Terry Harmon,R,74,180,0.233,4,23.10810811,17.16738197,0.602059991,1.323653243
Mike Hargrove,L,72,195,0.29,80,26.44386574,275.862069,1.903089987,1.581707454
Steve Hovley,L,70,188,0.258,8,26.9722449,31.00775194,0.903089987,1.622582865
Don Leppert,R,74,220,0.229,15,28.24324324,65.50218341,1.176091259,1.720907297
Lee May,R,75,195,0.267,354,24.37066667,1325.842697,2.549003262,1.421324774
Sam McDowell,L,77,190,0.154,2,22.52825097,12.98701299,0.301029996,1.278795495
Rick Renick,R,72,188,0.221,20,25.49459877,90.49773756,1.301029996,1.508272161
Jeff Torborg,R,72,195,0.214,8,26.44386574,37.38317757,0.903089987,1.581707454
Dave Campbell,R,73,180,0.213,20,23.74554325,93.89671362,1.301029996,1.372965226
Pat Kelly,L,73,185,0.264,76,24.40514168,287.8787879,1.880813592,1.42399176
Al Weis,B,72,160,0.219,7,21.69753086,31.96347032,0.84509804,1.214530987
Jerry Turner,L,69,180,0.257,45,26.57844991,175.0972763,1.653212514,1.592118885
Rick Auerbach,R,72,165,0.22,9,22.3755787,40.90909091,0.954242509,1.266984768
Don Wilson,R,74,195,0.146,1,25.03378378,6.849315068,0,1.472623513
Sandy Valdespino,L,68,170,0.23,7,25.84558824,30.43478261,0.84509804,1.535424706
Ken Phelps,L,73,209,0.239,123,27.57121411,514.6443515,2.089905111,1.668919124
Cesar Cedeno,R,74,175,0.285,199,22.46621622,698.245614,2.298853076,1.273996487
Phil Linz,R,73,180,0.235,11,23.74554325,46.80851064,1.041392685,1.372965226
Manny Mota,R,70,160,0.304,31,22.95510204,101.9736842,1.491361694,1.311816694
Steve Renko,R,77,230,0.215,6,27.27104065,27.90697674,0.77815125,1.645697705
Rick Sofield,L,73,195,0.243,9,25.72433853,37.03703704,0.954242509,1.526044829
Doug DeCinces,R,74,190,0.259,237,24.39189189,915.0579151,2.374748346,1.422966757
John Castino,R,71,175,0.278,41,24.40487998,147.4820144,1.612783857,1.423971515
Dave May,L,70,186,0.251,96,26.68530612,382.4701195,1.982271233,1.600385281
Ron Washington,R,71,155,0.261,20,21.61575084,76.62835249,1.301029996,1.208204485
Billy Grabarkewitz,R,70,165,0.236,28,23.67244898,118.6440678,1.447158031,1.367310653
Willie Aikens,L,75,220,0.271,110,27.49511111,405.904059,2.041392685,1.663031795
Earl Williams,R,75,215,0.247,138,26.87022222,558.7044534,2.139879086,1.614690391
Don Hahn,R,73,180,0.236,7,23.74554325,29.66101695,0.84509804,1.372965226
Todd Cruz,R,72,175,0.22,34,23.73167438,154.5454545,1.531478917,1.37189233
Tom Egan,R,76,218,0.2,22,26.53289474,110,1.342422681,1.588594737
Bob Heise,R,72,175,0.247,1,23.73167438,4.048582996,0,1.37189233
Tommy Harper,R,69,165,0.257,146,24.36357908,568.0933852,2.164352856,1.420776478
Joe Wallis,B,71,180,0.244,16,25.10216227,65.57377049,1.204119983,1.477913273
Max Alvis,R,71,185,0.247,111,25.79944455,449.3927126,2.045322979,1.53185503
Rico Carty,R,75,200,0.299,204,24.99555556,682.2742475,2.309630167,1.469666178
Mike Cubbage,L,72,180,0.258,34,24.40972222,131.7829457,1.531478917,1.424346111
Merritt Ranew,L,71,170,0.247,8,23.7075977,32.38866397,0.903089987,1.370029758
Lyman Bostock,L,73,180,0.311,23,23.74554325,73.95498392,1.361727836,1.372965226
Damaso Garcia,R,73,165,0.283,36,21.76674798,127.2084806,1.556302501,1.219885624
Roy Howell,L,73,190,0.261,80,25.0647401,306.51341,1.903089987,1.475018294
Boog Powell,L,76,230,0.266,339,27.99342105,1274.43609,2.530199698,1.701581052
Sonny Siebert,R,75,190,0.173,12,23.74577778,69.36416185,1.079181246,1.372983369
Bobby Darwin,R,74,190,0.251,83,24.39189189,330.6772908,1.919078092,1.422966757
Dan Driessen,L,71,187,0.267,153,26.07835747,573.0337079,2.184691431,1.553431734
Bruce Miller,R,73,185,0.246,1,24.40514168,4.06504065,0,1.42399176
Bob Bailor,R,71,170,0.264,9,23.7075977,34.09090909,0.954242509,1.370029758
Tommy Helms,R,70,165,0.269,34,23.67244898,126.394052,1.531478917,1.367310653
Tony Armas,R,71,182,0.252,251,25.38107518,996.031746,2.399673721,1.499489976
Willie Horton,R,71,209,0.273,325,29.14639952,1190.47619,2.511883361,1.790775467
Lou Piniella,R,72,182,0.291,102,24.68094136,350.5154639,2.008600172,1.445327624
Butch Hobson,R,73,193,0.248,98,25.46049916,395.1612903,1.991226076,1.505634215
John Wathan,R,74,205,0.262,21,26.31756757,80.15267176,1.322219295,1.571937027
Hal King,L,73,200,0.214,24,26.38393695,112.1495327,1.380211242,1.577071362
Mike Krukow,R,77,205,0.193,5,24.3067971,25.90673575,0.698970004,1.416383824
Andres Mora,R,72,180,0.223,27,24.40972222,121.0762332,1.431363764,1.424346111
Barry Foote,R,75,205,0.23,57,25.62044444,247.826087,1.755874856,1.518007582
Ed Ott,L,70,190,0.259,33,27.25918367,127.4131274,1.51851394,1.644780449
Alan Wiggins,B,74,160,0.259,5,20.54054054,19.30501931,0.698970004,1.125026216
Ron Clark,R,70,175,0.189,5,25.10714286,26.45502646,0.698970004,1.478298572
Julio Gotay,R,72,180,0.26,6,24.40972222,23.07692308,0.77815125,1.424346111
Gary Alexander,R,74,195,0.23,55,25.03378378,239.1304348,1.740362689,1.472623513
Andre Thornton,R,75,200,0.254,253,24.99555556,996.0629921,2.403120521,1.469666178
Bob Oliver,R,75,205,0.256,94,25.62044444,367.1875,1.973127854,1.518007582
Bob Robertson,R,73,195,0.242,115,25.72433853,475.2066116,2.06069784,1.526044829
Ollie Brown,R,74,178,0.265,102,22.85135135,384.9056604,2.008600172,1.30379054
Frank Quilici,R,73,170,0.214,5,22.42634641,23.36448598,0.698970004,1.270912158
Joe Pepitone,L,74,185,0.258,219,23.75,848.8372093,2.340444115,1.37331
Steve Barber,L,72,195,0.115,5,26.44386574,43.47826087,0.698970004,1.581707454
Norm Miller,L,70,185,0.238,24,26.54183673,100.8403361,1.380211242,1.589286489
Bob Chance,L,74,196,0.261,24,25.16216216,91.95402299,1.380211242,1.482554865
Julio Cruz,B,69,165,0.237,23,24.36357908,97.0464135,1.361727836,1.420776478
Bill Sample,R,69,175,0.272,46,25.84015963,169.1176471,1.662757832,1.535004749
Craig Kusick,R,75,210,0.235,46,26.24533333,195.7446809,1.662757832,1.566348986
Rudy Meoli,L,69,165,0.212,2,24.36357908,9.433962264,0.301029996,1.420776478
Ruppert Jones,L,70,170,0.25,147,24.38979592,588,2.167317335,1.422804612
Glenn Hoffman,R,73,175,0.242,23,23.08594483,95.04132231,1.361727836,1.321938692
Russ Gibson,R,73,195,0.228,8,25.72433853,35.0877193,0.903089987,1.526044829
Terry Francona,L,73,190,0.274,16,25.0647401,58.39416058,1.204119983,1.475018294
John Bateman,R,75,210,0.23,81,26.24533333,352.173913,1.908485019,1.566348986
Luis Pujols,R,74,175,0.193,6,22.46621622,31.0880829,0.77815125,1.273996487
Joe Gaines,R,73,190,0.241,21,25.0647401,87.13692946,1.322219295,1.475018294
Doug Rader,R,74,208,0.251,155,26.7027027,617.5298805,2.190331698,1.601731081
Mickey Stanley,R,73,185,0.248,117,24.40514168,471.7741935,2.068185862,1.42399176
Phil Bradley,R,72,185,0.286,78,25.08777006,272.7272727,1.892094603,1.476799892
Winston Llenas,R,70,165,0.23,3,23.67244898,13.04347826,0.477121255,1.367310653
Charlie Moore,R,71,180,0.261,36,25.10216227,137.9310345,1.556302501,1.477913273
Ralph Garr,L,71,185,0.306,75,25.79944455,245.0980392,1.875061263,1.53185503
Tommy John,R,75,180,0.157,5,22.496,31.84713376,0.698970004,1.27630056
Bruce Benedict,R,73,175,0.242,18,23.08594483,74.38016529,1.255272505,1.321938692
John Ellis,R,74,225,0.262,69,28.88513514,263.3587786,1.838849091,1.770564054
Wes Parker,B,73,180,0.267,64,23.74554325,239.7003745,1.806179974,1.372965226
David Green,R,75,170,0.268,31,21.24622222,115.6716418,1.491361694,1.179617751
Reid Nichols,R,71,165,0.266,22,23.01031541,82.70676692,1.342422681,1.316088
Rick Reichardt,R,75,210,0.261,116,26.24533333,444.4444444,2.064457989,1.566348986
Luis Tiant,R,72,180,0.164,5,24.40972222,30.48780488,0.698970004,1.424346111
Broderick Perkins,L,70,180,0.271,8,25.8244898,29.5202952,0.903089987,1.533792531
Leon Roberts,R,75,200,0.267,78,24.99555556,292.1348315,1.892094603,1.469666178
Ray Burris,R,77,200,0.151,1,23.71394839,6.622516556,0,1.370521047
Len Gabrielson,L,76,210,0.253,37,25.55921053,146.2450593,1.568201724,1.513270527
Johnny Edwards,L,76,220,0.242,81,26.77631579,334.7107438,1.908485019,1.60742579
Tom Grieve,R,74,190,0.249,65,24.39189189,261.0441767,1.812913357,1.422966757
Bob Forsch,R,76,200,0.213,12,24.34210526,56.33802817,1.079181246,1.419115263
Danny Cater,R,72,170,0.276,66,23.05362654,239.1304348,1.819543936,1.319438549
Bill Schroeder,R,74,200,0.24,61,25.67567568,254.1666667,1.785329835,1.522280271
Clay Dalrymple,L,72,190,0.233,55,25.7658179,236.0515021,1.740362689,1.529253673
Carlos May,L,71,200,0.274,90,27.89129141,328.4671533,1.954242509,1.693680303
Reggie Smith,B,72,180,0.287,314,24.40972222,1094.076655,2.496929648,1.424346111
Davey Johnson,R,73,170,0.261,136,22.42634641,521.0727969,2.133538908,1.270912158
Ellis Valentine,R,76,205,0.278,123,24.95065789,442.4460432,2.089905111,1.466192894
Roy White,B,70,160,0.271,160,22.95510204,590.4059041,2.204119983,1.311816694
Mike Brumley,L,70,195,0.229,5,27.97653061,21.83406114,0.698970004,1.700274408
Al Luplow,L,70,175,0.235,33,25.10714286,140.4255319,1.51851394,1.478298572
Dick Allen,R,71,187,0.292,351,26.07835747,1202.054795,2.545307116,1.553431734
Doug Ault,R,75,200,0.236,17,24.99555556,72.03389831,1.230448921,1.469666178
Mark Wagner,R,72,165,0.243,3,22.3755787,12.34567901,0.477121255,1.266984768
Willie Stargell,L,74,188,0.282,475,24.13513514,1684.397163,2.67669361,1.403104054
Steve Carlton,L,76,210,0.201,13,25.55921053,64.67661692,1.113943352,1.513270527
Jake Wood,R,73,163,0.25,35,21.50290861,140,1.544068044,1.19947501
Del Unser,L,73,180,0.258,87,23.74554325,337.2093023,1.939519253,1.372965226
Bob Brower,R,71,185,0.242,17,25.79944455,70.24793388,1.230448921,1.53185503
Ray Culp,R,72,200,0.123,1,27.12191358,8.130081301,0,1.634161235
Ivan Murrell,R,74,195,0.236,33,25.03378378,139.8305085,1.51851394,1.472623513
Lee Mazzilli,B,73,180,0.259,93,23.74554325,359.0733591,1.968482949,1.372965226
Garth Iorg,R,71,170,0.258,20,23.7075977,77.51937984,1.301029996,1.370029758
Alan Ashby,B,74,185,0.245,90,23.75,367.3469388,1.954242509,1.37331
Bob Brenly,R,74,210,0.247,91,26.95945946,368.4210526,1.959041392,1.621593784
Ron Blomberg,L,73,195,0.293,52,25.72433853,177.4744027,1.716003344,1.526044829
Jim Rooker,R,72,195,0.201,7,26.44386574,34.82587065,0.84509804,1.581707454
Tim Blackwell,B,71,170,0.228,6,23.7075977,26.31578947,0.77815125,1.370029758
Jerry Morales,R,70,155,0.259,95,22.2377551,366.7953668,1.977723605,1.256322735
Davey Lopes,R,69,170,0.263,155,25.10186936,589.3536122,2.190331698,1.477890614
Catfish Hunter,R,72,190,0.226,6,25.7658179,26.54867257,0.77815125,1.529253673
Mario Soto,R,72,174,0.132,1,23.59606481,7.575757576,0,1.361401574
Jimmy Wynn,R,70,160,0.25,291,22.95510204,1164,2.463892989,1.311816694
Hank Allen,R,72,190,0.241,6,25.7658179,24.89626556,0.77815125,1.529253673
Jim Fregosi,R,73,190,0.265,151,25.0647401,569.8113208,2.178976947,1.475018294
Pepe Frias,R,70,159,0.24,1,22.81163265,4.166666667,0,1.300717902
Mike Schmidt,R,74,195,0.267,548,25.03378378,2052.434457,2.738780558,1.472623513
Willie Montanez,L,72,170,0.275,139,23.05362654,505.4545455,2.1430148,1.319438549
Rey Quinones,R,71,160,0.243,29,22.31303313,119.3415638,1.462397998,1.262146243
Mike Squires,L,71,185,0.26,6,25.79944455,23.07692308,0.77815125,1.53185503
Champ Summers,L,74,205,0.255,54,26.31756757,211.7647059,1.73239376,1.571937027
Bert Campaneris,R,70,160,0.259,79,22.95510204,305.019305,1.897627091,1.311816694
Bobby Valentine,R,70,189,0.26,12,27.11571429,46.15384615,1.079181246,1.633681657
Rob Andrews,R,72,185,0.251,3,25.08777006,11.95219124,0.477121255,1.476799892
Tom Haller,L,76,195,0.257,134,23.73355263,521.4007782,2.127104798,1.372037631
Ed Stroud,L,71,180,0.237,14,25.10216227,59.07172996,1.146128036,1.477913273
Ron Swoboda,R,74,195,0.242,73,25.03378378,301.6528926,1.86332286,1.472623513
Harry Spilman,L,73,180,0.237,18,23.74554325,75.94936709,1.255272505,1.372965226
Bob Barton,R,72,175,0.226,9,23.73167438,39.82300885,0.954242509,1.37189233
Daryl Sconiers,L,74,185,0.265,15,23.75,56.60377358,1.176091259,1.37331
Joe Torre,R,74,212,0.297,252,27.21621622,848.4848485,2.401400541,1.641456487
Al Ferrara,R,73,200,0.259,51,26.38393695,196.9111969,1.707570176,1.577071362
Sixto Lezcano,R,70,165,0.271,148,23.67244898,546.1254613,2.170261715,1.367310653
Dave Nicholson,R,74,215,0.212,61,27.60135135,287.7358491,1.785329835,1.67125054
Freddie Patek,R,65,148,0.242,41,24.62579882,169.4214876,1.612783857,1.441061797
Ken Hubbs,R,74,175,0.247,14,22.46621622,56.68016194,1.146128036,1.273996487
Pepe Mangual,R,70,157,0.242,16,22.52469388,66.11570248,1.204119983,1.278520319
Leron Lee,L,72,196,0.25,31,26.57947531,124,1.491361694,1.59219821
Steve Ontiveros,B,72,185,0.274,24,25.08777006,87.59124088,1.380211242,1.476799892
Willie Davis,L,74,180,0.279,182,23.10810811,652.3297491,2.260071388,1.323653243
Tom Lawless,R,71,170,0.207,2,23.7075977,9.661835749,0.301029996,1.370029758
Jerry Moses,R,75,210,0.251,25,26.24533333,99.60159363,1.397940009,1.566348986
Bobby Bonds,R,73,190,0.268,332,25.0647401,1238.80597,2.521138084,1.475018294
Dave McNally,R,71,185,0.133,9,25.79944455,67.66917293,0.954242509,1.53185503
Darrell Brown,B,72,184,0.274,1,24.95216049,3.649635036,0,1.466309136
Roy Foster,R,72,185,0.253,45,25.08777006,177.8656126,1.653212514,1.476799892
Denis Menke,R,72,185,0.25,101,25.08777006,404,2.004321374,1.476799892
Hal Breeden,R,74,200,0.243,21,25.67567568,86.41975309,1.322219295,1.522280271
Manny Trillo,R,73,150,0.263,61,19.78795271,231.9391635,1.785329835,1.066806022
Jackie Gutierrez,R,71,175,0.237,4,24.40487998,16.87763713,0.602059991,1.423971515
Jerry Kenney,L,73,170,0.237,7,22.42634641,29.53586498,0.84509804,1.270912158
Fred Kendall,R,73,185,0.234,31,24.40514168,132.4786325,1.491361694,1.42399176
Mike Anderson,R,74,200,0.246,28,25.67567568,113.8211382,1.447158031,1.522280271
Joe Charboneau,R,74,205,0.266,29,26.31756757,109.0225564,1.462397998,1.571937027
Jimmie Schaffer,R,69,170,0.223,11,25.10186936,49.32735426,1.041392685,1.477890614
Junior Kennedy,R,71,175,0.248,4,24.40487998,16.12903226,0.602059991,1.423971515
Wilbur Howard,B,74,170,0.25,6,21.82432432,24,0.77815125,1.224339729
Rod Gilbreath,R,74,180,0.248,14,23.10810811,56.4516129,1.146128036,1.323653243
Mark Brouhard,R,73,210,0.259,25,27.7031338,96.52509653,1.397940009,1.679124431
Mike Young,B,74,195,0.247,72,25.03378378,291.4979757,1.857332496,1.472623513
Chris Speier,R,73,175,0.246,112,23.08594483,455.2845528,2.049218023,1.321938692
Gene Michael,B,74,183,0.229,15,23.49324324,65.50218341,1.176091259,1.353447297
Vic Harris,B,71,165,0.217,13,23.01031541,59.9078341,1.113943352,1.316088
Mike Fischlin,R,73,165,0.22,3,21.76674798,13.63636364,0.477121255,1.219885624
Don Money,R,73,170,0.261,176,22.42634641,674.3295019,2.245512668,1.270912158
Joe Rudi,R,74,200,0.264,179,25.67567568,678.030303,2.252853031,1.522280271
Jim Rice,R,74,200,0.298,382,25.67567568,1281.879195,2.582063363,1.522280271
Gil Garrido,R,69,150,0.237,1,22.14870825,4.219409283,0,1.24943407
Marty Perez,R,71,160,0.246,22,22.31303313,89.43089431,1.342422681,1.262146243
Tom Matchick,L,73,173,0.215,4,22.82210546,18.60465116,0.602059991,1.301528078
Jack Perconte,L,70,160,0.27,2,22.95510204,7.407407407,0.301029996,1.311816694
Ed Kirkpatrick,L,71,195,0.238,85,27.19400913,357.1428571,1.929418926,1.639738546
Jerry Grote,R,70,185,0.252,39,26.54183673,154.7619048,1.591064607,1.589286489
Ellie Hendricks,L,73,175,0.22,62,23.08594483,281.8181818,1.792391689,1.321938692
Jim Beauchamp,R,74,190,0.231,14,24.39189189,60.60606061,1.146128036,1.422966757
Tito Fuentes,B,71,175,0.268,45,24.40487998,167.9104478,1.653212514,1.423971515
Ron Brand,R,67,167,0.239,3,26.15304077,12.55230126,0.477121255,1.559209234
Leo Cardenas,R,71,150,0.257,118,20.91846856,459.1439689,2.071882007,1.154262728
Art Shamsky,L,73,168,0.253,68,22.16250704,268.7747036,1.832508913,1.250501545
Ron Cey,R,70,185,0.261,316,26.54183673,1210.727969,2.499687083,1.589286489
Skip Jutze,R,71,190,0.215,3,26.49672684,13.95348837,0.477121255,1.585796788
Butch Wynegar,B,73,190,0.255,65,25.0647401,254.9019608,1.812913357,1.475018294
Ron LeFlore,R,72,200,0.288,59,27.12191358,204.8611111,1.770852012,1.634161235
Bill Russell,R,72,175,0.263,46,23.73167438,174.904943,1.662757832,1.37189233
Gene Tenace,R,72,190,0.241,201,25.7658179,834.0248963,2.303196057,1.529253673
Bubba Morton,R,70,175,0.267,14,25.10714286,52.43445693,1.146128036,1.478298572
Ellie Rodriguez,R,71,185,0.245,16,25.79944455,65.30612245,1.204119983,1.53185503
Darrel Chaney,B,74,188,0.217,14,24.13513514,64.51612903,1.146128036,1.403104054
Dick Nen,L,74,200,0.224,21,25.67567568,93.75,1.322219295,1.522280271
Bill Freehan,R,75,203,0.262,200,25.37048889,763.3587786,2.301029996,1.498671021
Steve Nicosia,R,70,185,0.248,11,26.54183673,44.35483871,1.041392685,1.589286489
Ted Savage,R,73,185,0.233,34,24.40514168,145.9227468,1.531478917,1.42399176
Pete Mackanin,R,74,190,0.226,30,24.39189189,132.7433628,1.477121255,1.422966757
Rich Dauer,R,72,180,0.257,43,24.40972222,167.3151751,1.633468456,1.424346111
Rowland Office,L,72,170,0.259,32,23.05362654,123.5521236,1.505149978,1.319438549
Rick Leach,L,73,180,0.268,18,23.74554325,67.1641791,1.255272505,1.372965226
Dwayne Murphy,L,73,185,0.246,166,24.40514168,674.796748,2.220108088,1.42399176
Larry Harlow,L,74,185,0.248,12,23.75,48.38709677,1.079181246,1.37331
Mike Epstein,L,75,230,0.244,130,28.74488889,532.7868852,2.113943352,1.759714605
Jerry Mumphrey,B,74,185,0.289,70,23.75,242.2145329,1.84509804,1.37331
Glenn Beckert,R,73,190,0.283,22,25.0647401,77.7385159,1.342422681,1.475018294
Ron Davis,R,72,175,0.233,10,23.73167438,42.91845494,1,1.37189233
Mike Shannon,R,75,195,0.255,68,24.37066667,266.6666667,1.832508913,1.421324774
Jason Thompson,L,76,200,0.261,208,24.34210526,796.9348659,2.318063335,1.419115263
Wayne Tolleson,B,69,160,0.241,9,23.6252888,37.34439834,0.954242509,1.363662342
Mike Jorgensen,L,72,195,0.243,95,26.44386574,390.9465021,1.977723605,1.581707454
Ed Romero,R,71,160,0.247,8,22.31303313,32.38866397,0.903089987,1.262146243
Rick Joseph,R,73,192,0.243,13,25.32857947,53.49794239,1.113943352,1.495428908
Cecil Cooper,L,74,165,0.298,241,21.18243243,808.7248322,2.382017043,1.174682973
Bill Almon,R,75,180,0.254,36,22.496,141.7322835,1.556302501,1.27630056
Joe Ferguson,R,74,200,0.24,122,25.67567568,508.3333333,2.086359831,1.522280271
Jerry Terrell,R,71,165,0.253,4,23.01031541,15.81027668,0.602059991,1.316088
Dave Revering,L,76,210,0.265,62,25.55921053,233.9622642,1.792391689,1.513270527
Curt Ford,L,70,150,0.245,7,21.52040816,28.57142857,0.84509804,1.200828775
Jerry Dybzinski,R,74,180,0.234,3,23.10810811,12.82051282,0.477121255,1.323653243
Bob Burda,L,71,174,0.224,13,24.26542353,58.03571429,1.113943352,1.413183164
Jesse Gonder,L,70,180,0.251,26,25.8244898,103.5856574,1.414973348,1.533792531
Gary Sutherland,R,72,185,0.243,24,25.08777006,98.7654321,1.380211242,1.476799892
Bob Coluccio,R,71,183,0.22,26,25.52053164,118.1818182,1.414973348,1.510278328
Dave Rader,L,71,165,0.257,30,23.01031541,116.7315175,1.477121255,1.316088
Ron Gardenhire,R,72,175,0.232,4,23.73167438,17.24137931,0.602059991,1.37189233
Bill Sharp,L,70,178,0.255,9,25.53755102,35.29411765,0.954242509,1.511594947
Alan Bannister,R,71,170,0.27,19,23.7075977,70.37037037,1.278753601,1.370029758
Bob Watson,R,72,201,0.295,184,27.25752315,623.7288136,2.264817823,1.644651991
Ken Harrelson,R,74,190,0.239,131,24.39189189,548.1171548,2.117271296,1.422966757
Bobby Wine,R,73,187,0.215,30,24.66898105,139.5348837,1.477121255,1.444402374
John Kennedy,R,72,185,0.225,32,25.08777006,142.2222222,1.505149978,1.476799892
Chico Ruiz,B,72,169,0.24,2,22.91801698,8.333333333,0.301029996,1.308947794
Gail Hopkins,L,70,198,0.266,25,28.40693878,93.98496241,1.397940009,1.733570784
Doug Frobel,L,76,196,0.201,20,23.85526316,99.50248756,1.301029996,1.381453158
Luis Melendez,R,72,165,0.248,9,22.3755787,36.29032258,0.954242509,1.266984768
Bill Plummer,R,73,190,0.188,14,25.0647401,74.46808511,1.146128036,1.475018294
Buck Rodgers,B,74,190,0.232,31,24.39189189,133.6206897,1.491361694,1.422966757
Phil Niekro,R,73,180,0.169,7,23.74554325,41.42011834,0.84509804,1.372965226
Tom Poquette,L,70,175,0.268,10,25.10714286,37.31343284,1,1.478298572
Brian Asselstine,L,73,175,0.254,12,23.08594483,47.24409449,1.079181246,1.321938692
Rick Miller,L,72,175,0.269,28,23.73167438,104.0892193,1.447158031,1.37189233
Ed Charles,R,70,170,0.263,86,24.38979592,326.9961977,1.934498451,1.422804612
Floyd Rayford,R,70,190,0.244,38,27.25918367,155.7377049,1.579783597,1.644780449
Tony Conigliaro,R,75,185,0.264,166,23.12088889,628.7878788,2.220108088,1.324641965
Jim Barr,R,75,205,0.162,1,25.62044444,6.172839506,0,1.518007582
Jerry Remy,L,69,165,0.275,7,24.36357908,25.45454545,0.84509804,1.420776478
Frank Duffy,R,73,180,0.232,26,23.74554325,112.0689655,1.414973348,1.372965226
Tom O'Malley,L,72,180,0.256,13,24.40972222,50.78125,1.113943352,1.424346111
Phil Garner,R,70,175,0.26,109,25.10714286,419.2307692,2.037426498,1.478298572
